[{"model": "contenttypes.contenttype", "pk": 1, "fields": {"app_label": "admin", "model": "logentry"}}, {"model": "contenttypes.contenttype", "pk": 2, "fields": {"app_label": "auth", "model": "permission"}}, {"model": "contenttypes.contenttype", "pk": 3, "fields": {"app_label": "auth", "model": "group"}}, {"model": "contenttypes.contenttype", "pk": 4, "fields": {"app_label": "auth", "model": "user"}}, {"model": "contenttypes.contenttype", "pk": 5, "fields": {"app_label": "contenttypes", "model": "contenttype"}}, {"model": "contenttypes.contenttype", "pk": 6, "fields": {"app_label": "sessions", "model": "session"}}, {"model": "contenttypes.contenttype", "pk": 7, "fields": {"app_label": "course_selector", "model": "course"}}, {"model": "contenttypes.contenttype", "pk": 8, "fields": {"app_label": "course_selector", "model": "degree"}}, {"model": "contenttypes.contenttype", "pk": 9, "fields": {"app_label": "course_selector", "model": "certification"}}, {"model": "sessions.session", "pk": "57gk6rd2nbkv3b00pd0gnk1sum7ngpc2", "fields": {"session_data": "ZTM4OGE5NjUwZTUyOTA5ZTA1NzBlNDgzNThjOWRjMzM4NDAwMGZkMDp7Il9hdXRoX3VzZXJfaWQiOiIxIiwiX2F1dGhfdXNlcl9iYWNrZW5kIjoiZGphbmdvLmNvbnRyaWIuYXV0aC5iYWNrZW5kcy5Nb2RlbEJhY2tlbmQiLCJfYXV0aF91c2VyX2hhc2giOiIxZmVjMThiOGU3MzM0NWJiZTc4ZDAzYjk5NDBiMzBiNTMwNzQyNTdmIn0=", "expire_date": "2019-10-24T03:42:30.166Z"}}, {"model": "sessions.session", "pk": "w2jo5vhwr1xac3vav884jgj0qj8tuqkh", "fields": {"session_data": "ZTM4OGE5NjUwZTUyOTA5ZTA1NzBlNDgzNThjOWRjMzM4NDAwMGZkMDp7Il9hdXRoX3VzZXJfaWQiOiIxIiwiX2F1dGhfdXNlcl9iYWNrZW5kIjoiZGphbmdvLmNvbnRyaWIuYXV0aC5iYWNrZW5kcy5Nb2RlbEJhY2tlbmQiLCJfYXV0aF91c2VyX2hhc2giOiIxZmVjMThiOGU3MzM0NWJiZTc4ZDAzYjk5NDBiMzBiNTMwNzQyNTdmIn0=", "expire_date": "2019-10-23T20:37:55.132Z"}}, {"model": "course_selector.certification", "pk": 1, "fields": {"name": "CompTIA Network+", "description": ""}}, {"model": "course_selector.certification", "pk": 2, "fields": {"name": "CompTIA A+", "description": ""}}, {"model": "course_selector.certification", "pk": 3, "fields": {"name": "CompTIA Project+", "description": ""}}, {"model": "course_selector.certification", "pk": 4, "fields": {"name": "CompTIA Security+", "description": ""}}, {"model": "course_selector.certification", "pk": 5, "fields": {"name": "Oracle Database SQL", "description": ""}}, {"model": "course_selector.certification", "pk": 6, "fields": {"name": "ITIL Foundation", "description": ""}}, {"model": "course_selector.certification", "pk": 7, "fields": {"name": "CIW Site Developer Associate", "description": ""}}, {"model": "course_selector.certification", "pk": 8, "fields": {"name": "CIW User Interface Designer", "description": ""}}, {"model": "course_selector.certification", "pk": 9, "fields": {"name": "CIW Advanced HTML5 and CSS Specialist", "description": ""}}, {"model": "course_selector.certification", "pk": 10, "fields": {"name": "Cisco Certified Network Associate (CCNA)", "description": ""}}, {"model": "course_selector.course", "pk": 1, "fields": {"name": "Introduction to IT", "course_number": "C182", "description": "Introduction to IT examines information technology as a discipline and the various roles and functions of the IT department as business support. Students are presented with various IT disciplines including systems and services, network and security, scripting and programming, data management, and business of IT, with a survey of technologies in every area and how they relate to each other and to the business.", "certificate_earned": null, "comp_units": 4, "prereqs": []}}, {"model": "course_selector.course", "pk": 2, "fields": {"name": "Software I -- C#", "course_number": "C968", "description": "Software I builds object-oriented programming expertise and introduces powerful new tools for C# application development. You will learn about and put into action class design, exception handling, and other object-oriented principles and constructs to develop software that meets business requirements. This course requires foundational knowledge of object-oriented programming. Scripting and Programming: Foundations and Scripting and Programming: Applications are prerequisites for this course.", "certificate_earned": null, "comp_units": 6, "prereqs": [32, 30]}}, {"model": "course_selector.course", "pk": 3, "fields": {"name": "Critical Thinking and Logic", "course_number": "C168", "description": "Reasoning and Problem Solving helps candidates internalize a systematic process for exploring issues that takes them beyond an unexamined point of view and encourages them to become more self-aware thinkers by applying principles of problem identification and clarification, planning and information gathering, identifying assumptions and values, analyzing and interpreting information and data, reaching well-founded conclusions, and identifying the role of critical thinking in disciplines and professions.", "certificate_earned": null, "comp_units": 3, "prereqs": []}}, {"model": "course_selector.course", "pk": 4, "fields": {"name": "Introduction to Communication", "course_number": "C464", "description": "This introductory communication course allows candidates to become familiar with the fundamental communication theories and practices necessary to engage in healthy professional and personal relationships. Candidates will survey human communication on multiple levels and critically apply the theoretical grounding of the course to interpersonal, intercultural, small group, and public presentational contexts. The course also encourages candidates to consider the influence of language, perception, culture, and media on their daily communicative interactions. In addition to theory, candidates will engage in the application of effective communication skills through systematically preparing and delivering an oral presentation. By practicing these fundamental skills in human communication, candidates become more competent communicators as they develop more flexible, useful, and discriminatory communicative practices in a variety of contexts. Note: There are references within this video to Taskstream. If Taskstream is not part of your student experience, please disregard, and locate your task(s) within your course.", "certificate_earned": null, "comp_units": 3, "prereqs": []}}, {"model": "course_selector.course", "pk": 5, "fields": {"name": "English Composition I", "course_number": "C455", "description": "English Composition I introduces undergraduate students to various genres of college-level writing. It is a foundational course designed to help students prepare for advanced writing within their discipline and other university courses. Specifically, this course will help students develop or improve research, citation, organizational, and writing skills. This course has no prerequisites.", "certificate_earned": null, "comp_units": 3, "prereqs": []}}, {"model": "course_selector.course", "pk": 6, "fields": {"name": "American Politics and the US Constitution", "course_number": "C963", "description": "American Politics and the U.S. Constitution examines the evolution of representative government in the United States and the changing interpretations of the civil rights and civil liberties protected by the Constitution. This course will give candidates an understanding of the powers of the branches of the federal government, the continual tensions inherent in a federal system, the shifting relationship between state and federal governments, and the interactions between elected officials and the ever-changing electorate. This course will focus on such topics as the role of a free press in a democracy, the impact of changing demographics on American politics, and the debates over and expansion of civil rights. Upon completion of the course, candidates should be able to explain the basic functions of the federal government, describe the forces that shape American policy and politics, and be better prepared to participate in America\u2019s civic institutions. This course has no prerequisite.", "certificate_earned": null, "comp_units": 3, "prereqs": []}}, {"model": "course_selector.course", "pk": 7, "fields": {"name": "Integrated Physical Science", "course_number": "C908", "description": "This course provides students with an overview of the basic principles and unifying ideas of the physical sciences: physics, chemistry, and Earth sciences. Course materials focus on scientific reasoning and practical and everyday applications of physical science concepts to help students integrate conceptual knowledge with practical skills.", "certificate_earned": null, "comp_units": 3, "prereqs": []}}, {"model": "course_selector.course", "pk": 9, "fields": {"name": "Web Development Foundations", "course_number": "C779", "description": "This course prepares students for the CIW Site Development Associate certification. The course introduces students to web design and development by presenting them with HTML5 and Cascading Style Sheets (CSS), the foundational languages of the web, by reviewing media strategies and by using tools and techniques commonly employed in web development.", "certificate_earned": null, "comp_units": 3, "prereqs": []}}, {"model": "course_selector.course", "pk": 10, "fields": {"name": "Introduction to Humanities", "course_number": "C100", "description": "This introductory humanities course allows candidates to practice essential writing, communication, and critical thinking skills necessary to engage in civic and professional interactions as mature, informed adults. Whether through studying literature, visual and performing arts, or philosophy, all humanities courses stress the need to form reasoned, analytical, and articulate responses to cultural and creative\r\nworks. Studying a wide variety of creative works allows candidates to more effectively enter the global community with a broad and enlightened perspective.", "certificate_earned": null, "comp_units": 3, "prereqs": []}}, {"model": "course_selector.course", "pk": 12, "fields": {"name": "Introduction to Geography", "course_number": "C255", "description": "This course will discuss\u202fgeographic concepts, places and regions, physical and human systems, and the environment.", "certificate_earned": null, "comp_units": 3, "prereqs": []}}, {"model": "course_selector.course", "pk": 13, "fields": {"name": "IT Foundations", "course_number": "C393", "description": "IT Foundations is the first course in a two-part series preparatory for the CompTIA A+ exam, Part I. Students will gain an\r\nunderstanding of personal computer components and their functions in a desktop system; computer data storage and retrieval; classifying, installing,\r\nconfiguring, optimizing, upgrading, and troubleshooting printers, laptops, portable devices, operating systems, networks, and system security;\r\nrecommending appropriate tools, diagnostic procedures, preventative maintenance and troubleshooting techniques for personal computer\r\ncomponents in a desktop system; strategies for identifying, preventing, and reporting safety hazards and environmental/human accidents in a\r\ntechnological environments; and effective communication with colleagues and clients as well as job-related professional behavior.", "certificate_earned": 2, "comp_units": 3, "prereqs": [14]}}, {"model": "course_selector.course", "pk": 14, "fields": {"name": "IT Applications", "course_number": "C394", "description": "IT Applications is a continuation of the IT Foundations course preparatory for the CompTIA A+ exam, Part II. Students will\r\ngain an understanding of personal computer components and their functions in a desktop system. Also covered is computer data storage and retrieval\r\nincluding classifying, installing, configuring, optimizing, upgrading, and troubleshooting printers, laptops, portable devices, operating systems,\r\nnetworks, and system security. Other areas include recommending appropriate tools, diagnostic procedures, preventative maintenance, and\r\ntroubleshooting techniques for personal computer components in a desktop system. The course then finishes with strategies for identifying,\r\npreventing, and reporting safety hazards and environmental/human accidents in a technological environment, and effective communication with\r\ncolleagues and clients as well as job-related professional behavior. This course builds on the understanding of hardware from IT Foundations and is\r\ndesigned to build the skills to support 4 core components: Operating Systems, Security, Software Troubleshooting, and Operational Procedures.\r\nThese are core competencies for IT professionals from cloud engineers to data analysts, and will empower you with a better understanding of the tools\r\nused during your career. The following course is a prerequisite: C393 IT Foundations", "certificate_earned": 2, "comp_units": 4, "prereqs": [13]}}, {"model": "course_selector.course", "pk": 15, "fields": {"name": "Ethics in Technology", "course_number": "C961", "description": "Ethics in Technology examines the ethical considerations of technology in each of four categories: privacy, accuracy,\r\nproperty, and access. The course presents a range of technologies and issues that challenge technologists in the field of information ethics.\r\nCandidates are introduced to a decision-making process as informed by ethical frameworks that outline key ethical considerations within the\r\ntechnologies presented. Candidates will study specific cases to help inform their professional responsibilities in how to navigate the important\r\ncontroversies in topics such as surveillance, social media, hacking, data manipulation, plagiarism and piracy, artificial intelligence, responsible\r\ninnovation, and the digital divide. This course has no prerequisites.", "certificate_earned": null, "comp_units": 3, "prereqs": []}}, {"model": "course_selector.course", "pk": 16, "fields": {"name": "Applied Probability and Statistics", "course_number": "C955", "description": "Applied Probability and Statistics helps candidates develop competence in the fundamental concepts of\r\nbasic statistics including introductory algebra and graphing; descriptive statistics; regression and correlation; and probability. Statistical data and\r\nprobability are used in everyday life, science, business, information technology, and educational settings to make informed decisions about the validity\r\nof studies and the effect of data on decisions. This course discusses what constitutes sound research design and how to appropriately model\r\nphenomena using statistical data. Additionally, the content covers simple probability calculations based on events that occur in the business and IT\r\nindustries. No prerequisites are required for this course.", "certificate_earned": null, "comp_units": 3, "prereqs": [18, 46]}}, {"model": "course_selector.course", "pk": 17, "fields": {"name": "Business of IT -- Project Management", "course_number": "C176", "description": "In this course, students will build on industry standard concepts, techniques, and processes to\r\ndevelop a comprehensive foundation for project management activities. During a project's life cycle, students will develop the critical skills necessary\r\nto initiate, plan, execute, monitor, control, and close a project. Students will apply best practices in areas such as scope management, resource\r\nallocation, project planning, project scheduling, quality control, risk management, performance measurement, and project reporting. This course\r\nprepares students for the following certification exam: CompTIA Project+.", "certificate_earned": 3, "comp_units": 4, "prereqs": []}}, {"model": "course_selector.course", "pk": 18, "fields": {"name": "Applied Algebra", "course_number": "C957", "description": "Applied Algebra is designed to help candidates develop competence in working with functions, working with the algebra of\r\nfunctions, and using some applied properties of functions. Candidates will learn how to apply different kinds of functions to relevant, real-life examples.\r\nFrom there, the algebra of several families of functions will be explored, including linear, polynomial, exponential, and logistic functions. Candidates\r\nwill also learn about relevant, applicable mathematical properties of each family of functions, including rate of change, concavity,\r\nmaximizing/minimizing, and asymptotes. These properties will be used to solve problems related to a WGU major and make sense of problems in\r\neveryday living. Candidates should complete Applied Probability and Statistics or its equivalent prior to engaging in Applied Algebra.", "certificate_earned": null, "comp_units": 3, "prereqs": [16]}}, {"model": "course_selector.course", "pk": 19, "fields": {"name": "Scripting and Programming -- Applications", "course_number": "C867", "description": "Scripting and Programming - Applications for undergraduates explores the various aspects of the C++ programming language by examining its syntax, the development environment, and tools and techniques to solve some real-world problems.", "certificate_earned": null, "comp_units": 4, "prereqs": []}}, {"model": "course_selector.course", "pk": 20, "fields": {"name": "Business of IT -- Applications", "course_number": "C846", "description": "Business of IT\u2014Applications examines Information Technology Infrastructure Library (ITIL\u00ae) terminology,\r\nstructure, policies, and concepts. Focusing on the management of information technology (IT) infrastructure, development, and operations, students\r\nwill explore the core principles of ITIL practices for service management to prepare them for careers as IT professionals, business managers, and\r\nbusiness process owners. This course has no prerequisites.", "certificate_earned": 6, "comp_units": 4, "prereqs": []}}, {"model": "course_selector.course", "pk": 21, "fields": {"name": "Technical Communication", "course_number": "C948", "description": "This course covers basic elements of technical communication, including professional written communication proficiency; the ability to strategize approaches for different audiences; and technical style, grammar, and syntax proficiency.", "certificate_earned": null, "comp_units": 3, "prereqs": []}}, {"model": "course_selector.course", "pk": 22, "fields": {"name": "Data Management -- Foundations", "course_number": "C175", "description": "This course introduces students to the concepts and terminology used in the field of data management. Students will be introduced to Structured Query Language (SQL) and will learn how to use Data Definition Language (DDL) and Data Manipulation Language (DML) commands to define, retrieve, and manipulate data. This course covers differentiations of data\u2014structured vs. unstructured and quasi-structured (relational, hierarchical, XML, textual, visual, etc); it also covers aspects of data management (quality, policy, storage methodologies).  Foundational concepts of data security are included.", "certificate_earned": null, "comp_units": 3, "prereqs": []}}, {"model": "course_selector.course", "pk": 23, "fields": {"name": "Data Management --- Applications", "course_number": "C170", "description": "This course covers conceptual data modeling and provides an introduction to MySQL. Students will learn\r\nhow to create simple to complex SELECT queries including subqueries and joins, and students will also learn how to use SQL to update and delete\r\ndata. Topics covered in this course include exposure to MySQL; developing physical schemas; creating and modifying databases, tables, views,\r\nforeign keys/primary keys (FKs/PKs), and indexes; populating tables; and developing simple Select-From-Where (SFW) queries to complex 3+ table\r\njoin queries.", "certificate_earned": null, "comp_units": 4, "prereqs": []}}, {"model": "course_selector.course", "pk": 24, "fields": {"name": "Operating Systems for Programmers", "course_number": "C191", "description": "This course covers operating systems from the perspective of a programmer including the placement of the operating system in the layered application development model. Primarily, OSs provide memory management, task scheduling, and CPU allocation. Secondarily, OSs provide tools for file storage/access, permission control, event handling, network access, and cross-process interaction. OSs also provide tools for debugging problems within a single process or within groups of programs.", "certificate_earned": null, "comp_units": 3, "prereqs": []}}, {"model": "course_selector.course", "pk": 25, "fields": {"name": "Software Engineering", "course_number": "C188", "description": "This course introduces the concepts of software engineering to students who have completed the core courses in programming and project management. The principles build on previously acquired concepts, switching the emphasis from programming simple\r\nroutines to engineering robust and scalable software solutions. This course does not cover programming, but provides an overview of software\r\nengineering processes and their challenging nature, focusing on the need for a disciplined approach to software engineering. A generic process framework provides the groundwork for formal process models. Prescriptive process models such as the waterfall model and agile development are included. An introduction to the elements and phases of software engineering is included, which explores requirements for engineering, design concepts, and software quality.", "certificate_earned": null, "comp_units": 4, "prereqs": []}}, {"model": "course_selector.course", "pk": 26, "fields": {"name": "Organizational Behavior and Leadership", "course_number": "C484", "description": "Organizational Behavior and Leadership explores how to lead and manage effectively in diverse business environments. The course requires students to demonstrate the ability to apply organizational leadership theories and management strategies in a series of scenario-based problems", "certificate_earned": null, "comp_units": 3, "prereqs": []}}, {"model": "course_selector.course", "pk": 27, "fields": {"name": "Web Development Applications", "course_number": "C777", "description": "This course builds upon a student's manual coding skills by teaching how to develop web documents and\r\npages using the web development trifecta: Hypertext Markup Language version 5 (HTML5), Cascading Style Sheets version 3 (CSS3), and JavaScript. Students will utilize the skills learned in this course to create web documents and pages that easily adapt to display on both traditional and mobile devices. In addition, students will learn techniques for code validation and testing, form creation, inline form field validation, and mobile design for browsers and apps, including Responsive Web Design (RWD).", "certificate_earned": null, "comp_units": 6, "prereqs": []}}, {"model": "course_selector.course", "pk": 28, "fields": {"name": "User Interface Design", "course_number": "C773", "description": "This course covers tools and techniques employed in user interface design, including web and mobile applications.  Concepts of clarity, usability, and detectability are included in this course, as well as other design elements such as color schemes, typography, and layout. Techniques like wireframing,  usability testing, and SEO optimization are also covered. This course prepares students for the CIW User Interface Designer certification.", "certificate_earned": null, "comp_units": 4, "prereqs": [32]}}, {"model": "course_selector.course", "pk": 29, "fields": {"name": "User Experience Design", "course_number": "C856", "description": "User Experience Design explores multiple tools and techniques used in user experience design. Students are presented with an in-depth view of activities involved in the design of user experience and have the opportunity to create several deliverables, including persona profiles, information architectures, and prototypes of different levels of fidelity. In addition, the course also covers usability testing and the evaluation of quantitative and qualitative data derived from these and other experiments.", "certificate_earned": null, "comp_units": 3, "prereqs": []}}, {"model": "course_selector.course", "pk": 30, "fields": {"name": "Software II - C#", "course_number": "C969", "description": "Software II - C# refines object-oriented programming expertise and builds database and file server application development skills. You will learn about and put into action lambda expressions, collections, and input/output to develop software with C# that meets business requirements. This course requires intermediate expertise in object-oriented programming and the C# language. The prerequisite for this course is Software I - C#.", "certificate_earned": null, "comp_units": 6, "prereqs": [32, 2]}}, {"model": "course_selector.course", "pk": 31, "fields": {"name": "Software Quality Assurance", "course_number": "C857", "description": "Software Quality Assurance applies a QA focus to every phase of the software development life cycle. This course investigates best practices for quality analysis, quality planning, and testing strategies as they pertain to the everyday practice of software development. Students will come to understand how their work fits into the bigger picture: how QA, testing, and code-writing practices interact within specific process models; the potential impact of new code on existing code or on other applications; the importance of usability, and the influence users have on the ultimate success of an application. Students will explore test plans, test cases, unit tests, integration tests, regression tests, usability tests, and test and review tools.", "certificate_earned": null, "comp_units": 3, "prereqs": []}}, {"model": "course_selector.course", "pk": 32, "fields": {"name": "Mobile Application Development", "course_number": "C971", "description": "Mobile Application Development Using C# introduces students to programming for mobile devices. Building on students' previous knowledge of programming in C#, this course investigates Xamarin.Forms and how it can be used to build a mobile application. This course explores a broad range of topics, including mobile user interface design and development, building applications that adapt to different mobile devices and platforms, managing data using a local database, and consuming REST-based web services. There are several prerequisites for this course: Software I, Software II, and UI Design.", "certificate_earned": null, "comp_units": 3, "prereqs": [2, 30, 28]}}, {"model": "course_selector.course", "pk": 33, "fields": {"name": "Structured Query Language", "course_number": "C993", "description": "This course prepares the student for the Oracle Database SQL (1Z0-071) certification exam. Students will master the SQL language that will allow them to restrict and sort data; create schema objects; control user access; and manage data, objects, and tables.", "certificate_earned": 5, "comp_units": 4, "prereqs": []}}, {"model": "course_selector.course", "pk": 34, "fields": {"name": "Network and Security -- Foundations", "course_number": "C172", "description": "Network and Security - Foundations introduces students to the components of a computer network and the concept and role of communication protocols. The course covers widely used categorical classifications of networks (e.g., LAN, MAN, WAN, WLAN, PAN, SAN, CAN, and VPN) as well as network topologies, physical devices, and layered abstraction. The course also introduces students to basic concepts of security covering vulnerabilities of networks and mitigation techniques, security of physical media, and security policies and procedures. This course has no prerequisites.", "certificate_earned": null, "comp_units": 3, "prereqs": [48]}}, {"model": "course_selector.course", "pk": 35, "fields": {"name": "Calculus I", "course_number": "C282", "description": "Calculus I is the study of rates of change in the slope of a curve and covers the knowledge and skills necessary to use differential calculus of one variable and technology to solve basic problems. Topics include graphing functions and finding their domains and ranges; limits, continuity, differentiability, visual, analytical, and conceptual approaches to the definition of the derivative; the power, chain, and sum rules applied to polynomial and exponential functions, position and velocity; and L'Hopital's Rule. Precalculus is a prerequisite for this course.", "certificate_earned": null, "comp_units": 4, "prereqs": [37]}}, {"model": "course_selector.course", "pk": 36, "fields": {"name": "Scripting and Programming -- Foundations", "course_number": "C173", "description": "Scripting and Programming - Foundations provides an introduction to programming, covering basic elements such as variables, data types, flow control, and design concepts. The course is language-agnostic in nature, ending in a survey of languages and introduces the distinction between interpreted and compiled languages. There are no prerequisites for this course.", "certificate_earned": null, "comp_units": 3, "prereqs": []}}, {"model": "course_selector.course", "pk": 37, "fields": {"name": "Discrete Mathematics I", "course_number": "C959", "description": "Discrete Mathematics I helps candidates develop competence in the use of abstract, discrete structures fundamental to computer science. In particular, this course will introduce candidates to logic and proofs; Boolean algebra and functions; set theory; finite and infinite sequences and series; and relations, graphs, and trees. The course emphasizes applications in computer science. Calculus I is a prerequisite for this course.", "certificate_earned": null, "comp_units": 4, "prereqs": [35, 38]}}, {"model": "course_selector.course", "pk": 38, "fields": {"name": "Discrete Mathematics II", "course_number": "C960", "description": "Discrete Mathematics II addresses abstract, discrete, computational methods used in computer science. In particular, this class introduces searching and sorting algorithms; big-O estimates; number theory and cryptography; recursion and induction; counting and advanced counting techniques; discrete probability; and modeling computation. This course emphasizes applications in computer science. Discrete Mathematics I is a prerequisite for this course.", "certificate_earned": null, "comp_units": 4, "prereqs": [44, 37]}}, {"model": "course_selector.course", "pk": 39, "fields": {"name": "Natural Science Lab", "course_number": "C683", "description": "This course gives you an introduction to using the scientific method and engaging in scientific research to reach conclusions about the natural world. You will design and carry out an experiment to investigate a hypothesis by gathering quantitative data.", "certificate_earned": null, "comp_units": 2, "prereqs": []}}, {"model": "course_selector.course", "pk": 40, "fields": {"name": "Computer Architecture", "course_number": "C952", "description": "Computer Architecture introduces students to concepts and characteristics of organization and architecture applied to modern computer systems including performance, processor, memory, input/output, and multiprocessors to optimize system design, performance, and efficiency.", "certificate_earned": null, "comp_units": 3, "prereqs": []}}, {"model": "course_selector.course", "pk": 41, "fields": {"name": "Software I -- Java", "course_number": "C482", "description": "Software I builds object-oriented programming expertise and introduces powerful new tools for Java application development. You will learn about and put into action class design, exception handling, and other object-oriented principles and constructs to develop software that meets business requirements. This course requires foundational knowledge of object-oriented programming.", "certificate_earned": null, "comp_units": 6, "prereqs": [43, 42]}}, {"model": "course_selector.course", "pk": 42, "fields": {"name": "Software II -- Java", "course_number": "C195", "description": "Software II - Advanced Java Concepts refines object-oriented programming expertise and builds database and file server application development skills. You will learn about and put into action lambda expressions, collections, input/output, advanced error handling, and the newest features of Java 8 to develop software that meets business requirements. This course requires intermediate expertise in object-oriented programming and the Java language.", "certificate_earned": null, "comp_units": 6, "prereqs": [41]}}, {"model": "course_selector.course", "pk": 43, "fields": {"name": "Data Structures and Algorithms", "course_number": "C949", "description": "Data Structures and Algorithms I covers the fundamentals of dynamic data structures, such as bags, lists, stacks, queues, trees, hash tables, and their associated algorithms. With Python software as the basis, the course discusses object-oriented design and abstract data types as a design paradigm. The course emphasizes problem solving and techniques for designing efficient, maintainable software applications. Students will implement simple applications using the techniques learned. This course has one prerequisite: Software 1.", "certificate_earned": null, "comp_units": 4, "prereqs": [44, 41]}}, {"model": "course_selector.course", "pk": 44, "fields": {"name": "Data Structures and Algorithms II", "course_number": "C950", "description": "Data Structures and Algorithms II explores the analysis and implementation of high-performance data structures and supporting algorithms, including graphs, hashing, self-adjusting data structures, set representations, and dynamic programming. The course also introduces students to NP-complete problems. The course discusses how to use Python techniques to implement software solutions for problems of memory management and data compression. This course has two prerequisites: Data Structures and Algorithms I and Discrete Math II.", "certificate_earned": null, "comp_units": 4, "prereqs": [43, 38, 46]}}, {"model": "course_selector.course", "pk": 45, "fields": {"name": "Fundamentals of Information Security", "course_number": "C836", "description": "This course lays the foundation for understanding terminology, principles, processes, and best practices of information security at local and global levels. It further provides an overview of basic security vulnerabilities and countermeasures for protecting information assets through planning and administrative controls within an organization.", "certificate_earned": null, "comp_units": 3, "prereqs": []}}, {"model": "course_selector.course", "pk": 46, "fields": {"name": "Introduction to Artificial Intelligence", "course_number": "C951", "description": "Introduction to Artificial Intelligence explores the foundational principles and practices of artificial intelligence (AI), machine learning, and robotics. The course prepares students to analyze relationships, build agents, and create models relevant to AI problems. The prerequisites for this course are Introduction to Probability and Statistics as well as Data Structures and Algorithms II.", "certificate_earned": null, "comp_units": 3, "prereqs": [16, 44]}}, {"model": "course_selector.course", "pk": 47, "fields": {"name": "Finite Mathematics", "course_number": "QTT2", "description": "Finite Mathematics covers the knowledge and skills necessary to apply discrete mathematics and properties of number systems to model and solve real-life problems. Topics include sets and operations, prime and composite numbers, greatest common divisor and least common multiple, order of operations, ordering numbers, and mathematical systems. These systems include modular arithmetic; arithmetic and geometric sequences; ratio and proportion; subsets of real numbers; logic and truth tables; graphs, trees, and networks; and permutation and combination. There are no prerequisites for this course.", "certificate_earned": null, "comp_units": 4, "prereqs": []}}, {"model": "course_selector.course", "pk": 48, "fields": {"name": "Networks", "course_number": "C480", "description": "Networks for undergraduates focuses on the general concepts and applications of computer operating systems and network topologies. The fundamental knowledge and skills gained in this course prepares students for the CompTIA Network+ (N10-007) certification exam. C172 is a prerequisite for this course and should be completed prior to beginning Networks, C480.", "certificate_earned": 1, "comp_units": 4, "prereqs": [34]}}, {"model": "course_selector.course", "pk": 49, "fields": {"name": "Spreadsheets", "course_number": "C268", "description": "The Spreadsheets course will help students become proficient in using spreadsheets to analyze business problems. Students\r\nwill demonstrate competency in spreadsheet development and analysis for business/accounting applications (e.g., using essential spreadsheet\r\nfunctions, formulas, charts, etc.)", "certificate_earned": null, "comp_units": 3, "prereqs": []}}, {"model": "course_selector.course", "pk": 50, "fields": {"name": "Information Systems Management", "course_number": "C724", "description": "Information Systems Management provides an overview of many facets of information systems applicable to business. The course explores the importance of viewing information technology (IT) as an organizational resource that must be managed, so that it supports or enables organizational strategy.", "certificate_earned": null, "comp_units": 3, "prereqs": []}}, {"model": "course_selector.course", "pk": 51, "fields": {"name": "Cloud Foundations", "course_number": "C849", "description": "More and more companies are shifting to a cloud computing model of doing business. The Cloud Foundations course focuses on the real-world issues and practical solutions of cloud computing in business and IT. Competency in this course will be demonstrated by the successful completion of the CompTIA Cloud Essentials certification exam.", "certificate_earned": null, "comp_units": 3, "prereqs": []}}, {"model": "course_selector.course", "pk": 52, "fields": {"name": "Principles of Management", "course_number": "C483", "description": "This course addresses strategic planning, total quality, entrepreneurship, conflict and change, human resource management, diversity, and organizational structure.", "certificate_earned": null, "comp_units": 4, "prereqs": []}}, {"model": "course_selector.course", "pk": 53, "fields": {"name": "Linux Foundations", "course_number": "C851", "description": "Linux Foundations is an introduction to Linux as an operating system as well as an introduction to open-source concepts and the basics of the Linux command line. Expert content, a Linux virtual machine, and step-by-step labs give you hands-on access to practice Linux command line concepts. Linux is widely used in different industries for all kinds of functions including web servers, firewalls, and graphic design, and it provides robust functionality and a stable, secure environment that is not often found in any other client operating system", "certificate_earned": null, "comp_units": 3, "prereqs": []}}, {"model": "course_selector.course", "pk": 54, "fields": {"name": "Emerging Technologies", "course_number": "C850", "description": "The Emerging Technologies course examines emerging technologies, identifies the benefits and drawbacks of technology adoption, and provides students with a process to evaluate technologies. The course will examine three technologies that may have an impact on information technology services in the coming years.", "certificate_earned": null, "comp_units": 2, "prereqs": []}}, {"model": "course_selector.degree", "pk": 1, "fields": {"name": "Computer Science", "description": "Comp Sci", "link": "https://www.wgu.edu/online-it-degrees/computer-science.html", "degree_type": "B.S.", "courses": [6, 16, 20, 17, 35, 40, 22, 23, 43, 44, 37, 38, 5, 15, 45, 7, 46, 4, 12, 10, 1, 39, 34, 24, 19, 36, 25, 41, 42, 31, 33, 21, 9], "earned_certifications": []}}, {"model": "course_selector.degree", "pk": 2, "fields": {"name": "Information Technology", "description": "IT", "link": "https://www.wgu.edu/online-it-degrees/information-technology-bachelors-program.html", "degree_type": "B.S.", "courses": [6, 18, 16, 20, 17, 51, 3, 22, 23, 54, 5, 15, 47, 14, 13, 50, 7, 4, 12, 10, 1, 53, 39, 34, 48, 26, 52, 36, 49, 21, 27, 9], "earned_certifications": [1, 2, 3, 4]}}, {"model": "course_selector.degree", "pk": 3, "fields": {"name": "Software Development", "description": "software", "link": "https://www.wgu.edu/online-it-degrees/software-development-bachelors-program.html", "degree_type": "B.S.", "courses": [6, 18, 16, 20, 17, 3, 22, 23, 5, 15, 14, 13, 7, 46, 4, 12, 10, 1, 32, 34, 24, 26, 36, 25, 2, 30, 31, 33, 21, 29, 28, 27, 9], "earned_certifications": [2, 3, 5, 6, 7]}}, {"model": "auth.permission", "pk": 1, "fields": {"name": "Can add log entry", "content_type": 1, "codename": "add_logentry"}}, {"model": "auth.permission", "pk": 2, "fields": {"name": "Can change log entry", "content_type": 1, "codename": "change_logentry"}}, {"model": "auth.permission", "pk": 3, "fields": {"name": "Can delete log entry", "content_type": 1, "codename": "delete_logentry"}}, {"model": "auth.permission", "pk": 4, "fields": {"name": "Can view log entry", "content_type": 1, "codename": "view_logentry"}}, {"model": "auth.permission", "pk": 5, "fields": {"name": "Can add permission", "content_type": 2, "codename": "add_permission"}}, {"model": "auth.permission", "pk": 6, "fields": {"name": "Can change permission", "content_type": 2, "codename": "change_permission"}}, {"model": "auth.permission", "pk": 7, "fields": {"name": "Can delete permission", "content_type": 2, "codename": "delete_permission"}}, {"model": "auth.permission", "pk": 8, "fields": {"name": "Can view permission", "content_type": 2, "codename": "view_permission"}}, {"model": "auth.permission", "pk": 9, "fields": {"name": "Can add group", "content_type": 3, "codename": "add_group"}}, {"model": "auth.permission", "pk": 10, "fields": {"name": "Can change group", "content_type": 3, "codename": "change_group"}}, {"model": "auth.permission", "pk": 11, "fields": {"name": "Can delete group", "content_type": 3, "codename": "delete_group"}}, {"model": "auth.permission", "pk": 12, "fields": {"name": "Can view group", "content_type": 3, "codename": "view_group"}}, {"model": "auth.permission", "pk": 13, "fields": {"name": "Can add user", "content_type": 4, "codename": "add_user"}}, {"model": "auth.permission", "pk": 14, "fields": {"name": "Can change user", "content_type": 4, "codename": "change_user"}}, {"model": "auth.permission", "pk": 15, "fields": {"name": "Can delete user", "content_type": 4, "codename": "delete_user"}}, {"model": "auth.permission", "pk": 16, "fields": {"name": "Can view user", "content_type": 4, "codename": "view_user"}}, {"model": "auth.permission", "pk": 17, "fields": {"name": "Can add content type", "content_type": 5, "codename": "add_contenttype"}}, {"model": "auth.permission", "pk": 18, "fields": {"name": "Can change content type", "content_type": 5, "codename": "change_contenttype"}}, {"model": "auth.permission", "pk": 19, "fields": {"name": "Can delete content type", "content_type": 5, "codename": "delete_contenttype"}}, {"model": "auth.permission", "pk": 20, "fields": {"name": "Can view content type", "content_type": 5, "codename": "view_contenttype"}}, {"model": "auth.permission", "pk": 21, "fields": {"name": "Can add session", "content_type": 6, "codename": "add_session"}}, {"model": "auth.permission", "pk": 22, "fields": {"name": "Can change session", "content_type": 6, "codename": "change_session"}}, {"model": "auth.permission", "pk": 23, "fields": {"name": "Can delete session", "content_type": 6, "codename": "delete_session"}}, {"model": "auth.permission", "pk": 24, "fields": {"name": "Can view session", "content_type": 6, "codename": "view_session"}}, {"model": "auth.permission", "pk": 25, "fields": {"name": "Can add course", "content_type": 7, "codename": "add_course"}}, {"model": "auth.permission", "pk": 26, "fields": {"name": "Can change course", "content_type": 7, "codename": "change_course"}}, {"model": "auth.permission", "pk": 27, "fields": {"name": "Can delete course", "content_type": 7, "codename": "delete_course"}}, {"model": "auth.permission", "pk": 28, "fields": {"name": "Can view course", "content_type": 7, "codename": "view_course"}}, {"model": "auth.permission", "pk": 29, "fields": {"name": "Can add degree", "content_type": 8, "codename": "add_degree"}}, {"model": "auth.permission", "pk": 30, "fields": {"name": "Can change degree", "content_type": 8, "codename": "change_degree"}}, {"model": "auth.permission", "pk": 31, "fields": {"name": "Can delete degree", "content_type": 8, "codename": "delete_degree"}}, {"model": "auth.permission", "pk": 32, "fields": {"name": "Can view degree", "content_type": 8, "codename": "view_degree"}}, {"model": "auth.permission", "pk": 33, "fields": {"name": "Can add certification", "content_type": 9, "codename": "add_certification"}}, {"model": "auth.permission", "pk": 34, "fields": {"name": "Can change certification", "content_type": 9, "codename": "change_certification"}}, {"model": "auth.permission", "pk": 35, "fields": {"name": "Can delete certification", "content_type": 9, "codename": "delete_certification"}}, {"model": "auth.permission", "pk": 36, "fields": {"name": "Can view certification", "content_type": 9, "codename": "view_certification"}}, {"model": "auth.user", "pk": 1, "fields": {"password": "pbkdf2_sha256$150000$cbSDCqw6x2Eq$LwMHWvf0dEvMbYc8Qa58Vthb3pJ2VM/ZLzcdcAqS9wo=", "last_login": "2019-10-09T20:37:55.127Z", "is_superuser": true, "username": "ec", "first_name": "", "last_name": "", "email": "ec@ec.com", "is_staff": true, "is_active": true, "date_joined": "2019-10-09T20:37:32.628Z", "groups": [], "user_permissions": []}}, {"model": "admin.logentry", "pk": 1, "fields": {"action_time": "2019-10-09T21:00:22.992Z", "user": 1, "content_type": 7, "object_id": "1", "object_repr": "Course object (1)", "action_flag": 1, "change_message": "[{\"added\": {}}]"}}, {"model": "admin.logentry", "pk": 2, "fields": {"action_time": "2019-10-09T21:02:13.976Z", "user": 1, "content_type": 8, "object_id": "1", "object_repr": "Computer Science", "action_flag": 1, "change_message": "[{\"added\": {}}]"}}, {"model": "admin.logentry", "pk": 3, "fields": {"action_time": "2019-10-09T21:02:49.351Z", "user": 1, "content_type": 8, "object_id": "2", "object_repr": "Information Technology", "action_flag": 1, "change_message": "[{\"added\": {}}]"}}, {"model": "admin.logentry", "pk": 4, "fields": {"action_time": "2019-10-09T21:03:17.819Z", "user": 1, "content_type": 7, "object_id": "2", "object_repr": "Software I", "action_flag": 1, "change_message": "[{\"added\": {}}]"}}, {"model": "admin.logentry", "pk": 5, "fields": {"action_time": "2019-10-09T21:03:51.539Z", "user": 1, "content_type": 8, "object_id": "3", "object_repr": "Software Development", "action_flag": 1, "change_message": "[{\"added\": {}}]"}}, {"model": "admin.logentry", "pk": 6, "fields": {"action_time": "2019-10-09T21:04:05.684Z", "user": 1, "content_type": 8, "object_id": "1", "object_repr": "Computer Science", "action_flag": 2, "change_message": "[{\"changed\": {\"fields\": [\"courses\"]}}]"}}, {"model": "admin.logentry", "pk": 7, "fields": {"action_time": "2019-10-09T21:22:24.650Z", "user": 1, "content_type": 7, "object_id": "2", "object_repr": "Software I", "action_flag": 2, "change_message": "[]"}}, {"model": "admin.logentry", "pk": 8, "fields": {"action_time": "2019-10-09T21:35:31.157Z", "user": 1, "content_type": 7, "object_id": "2", "object_repr": "Software I", "action_flag": 2, "change_message": "[{\"changed\": {\"fields\": [\"comp_units\"]}}]"}}, {"model": "admin.logentry", "pk": 9, "fields": {"action_time": "2019-10-10T02:31:51.738Z", "user": 1, "content_type": 7, "object_id": "3", "object_repr": "Critical Thinking and Logic", "action_flag": 1, "change_message": "[{\"added\": {}}]"}}, {"model": "admin.logentry", "pk": 10, "fields": {"action_time": "2019-10-10T02:33:14.031Z", "user": 1, "content_type": 7, "object_id": "4", "object_repr": "Introduction to Communication", "action_flag": 1, "change_message": "[{\"added\": {}}]"}}, {"model": "admin.logentry", "pk": 11, "fields": {"action_time": "2019-10-10T02:34:02.072Z", "user": 1, "content_type": 7, "object_id": "1", "object_repr": "Intro to IT", "action_flag": 2, "change_message": "[{\"changed\": {\"fields\": [\"description\", \"course_number\", \"comp_units\"]}}]"}}, {"model": "admin.logentry", "pk": 12, "fields": {"action_time": "2019-10-10T02:35:29.600Z", "user": 1, "content_type": 7, "object_id": "2", "object_repr": "Software I -- C#", "action_flag": 2, "change_message": "[{\"changed\": {\"fields\": [\"name\", \"description\", \"course_number\"]}}]"}}, {"model": "admin.logentry", "pk": 13, "fields": {"action_time": "2019-10-10T02:37:41.496Z", "user": 1, "content_type": 7, "object_id": "5", "object_repr": "English Composition I", "action_flag": 1, "change_message": "[{\"added\": {}}]"}}, {"model": "admin.logentry", "pk": 14, "fields": {"action_time": "2019-10-10T02:39:56.753Z", "user": 1, "content_type": 7, "object_id": "6", "object_repr": "American Politics and the US Constitution", "action_flag": 1, "change_message": "[{\"added\": {}}]"}}, {"model": "admin.logentry", "pk": 15, "fields": {"action_time": "2019-10-10T02:41:02.864Z", "user": 1, "content_type": 7, "object_id": "7", "object_repr": "Integrated Physical Science", "action_flag": 1, "change_message": "[{\"added\": {}}]"}}, {"model": "admin.logentry", "pk": 16, "fields": {"action_time": "2019-10-10T02:42:32.805Z", "user": 1, "content_type": 7, "object_id": "8", "object_repr": "Scripting and Programming Foundations", "action_flag": 1, "change_message": "[{\"added\": {}}]"}}, {"model": "admin.logentry", "pk": 17, "fields": {"action_time": "2019-10-10T02:44:42.248Z", "user": 1, "content_type": 7, "object_id": "1", "object_repr": "Introduction to IT", "action_flag": 2, "change_message": "[{\"changed\": {\"fields\": [\"name\"]}}]"}}, {"model": "admin.logentry", "pk": 18, "fields": {"action_time": "2019-10-10T02:45:36.480Z", "user": 1, "content_type": 7, "object_id": "9", "object_repr": "Web Development Foundations", "action_flag": 1, "change_message": "[{\"added\": {}}]"}}, {"model": "admin.logentry", "pk": 19, "fields": {"action_time": "2019-10-10T02:46:44.485Z", "user": 1, "content_type": 7, "object_id": "10", "object_repr": "Introduction to Humanities", "action_flag": 1, "change_message": "[{\"added\": {}}]"}}, {"model": "admin.logentry", "pk": 20, "fields": {"action_time": "2019-10-10T02:47:29.407Z", "user": 1, "content_type": 7, "object_id": "11", "object_repr": "Network and Security Foundations", "action_flag": 1, "change_message": "[{\"added\": {}}]"}}, {"model": "admin.logentry", "pk": 21, "fields": {"action_time": "2019-10-10T02:49:40.039Z", "user": 1, "content_type": 7, "object_id": "12", "object_repr": "Introduction to Geography", "action_flag": 1, "change_message": "[{\"added\": {}}]"}}, {"model": "admin.logentry", "pk": 22, "fields": {"action_time": "2019-10-10T02:50:50.043Z", "user": 1, "content_type": 7, "object_id": "13", "object_repr": "IT Foundations", "action_flag": 1, "change_message": "[{\"added\": {}}]"}}, {"model": "admin.logentry", "pk": 23, "fields": {"action_time": "2019-10-10T04:08:05.200Z", "user": 1, "content_type": 8, "object_id": "2", "object_repr": "Information Technology", "action_flag": 2, "change_message": "[{\"changed\": {\"fields\": [\"degree_type\"]}}]"}}, {"model": "admin.logentry", "pk": 24, "fields": {"action_time": "2019-10-10T04:08:15.206Z", "user": 1, "content_type": 8, "object_id": "2", "object_repr": "Information Technology", "action_flag": 2, "change_message": "[{\"changed\": {\"fields\": [\"degree_type\"]}}]"}}, {"model": "admin.logentry", "pk": 25, "fields": {"action_time": "2019-10-10T04:14:33.722Z", "user": 1, "content_type": 7, "object_id": "14", "object_repr": "C394 IT Applications", "action_flag": 1, "change_message": "[{\"added\": {}}]"}}, {"model": "admin.logentry", "pk": 26, "fields": {"action_time": "2019-10-10T04:15:26.146Z", "user": 1, "content_type": 7, "object_id": "15", "object_repr": "C961 Ethics in Technology", "action_flag": 1, "change_message": "[{\"added\": {}}]"}}, {"model": "admin.logentry", "pk": 27, "fields": {"action_time": "2019-10-10T04:16:23.085Z", "user": 1, "content_type": 7, "object_id": "16", "object_repr": "C955 Applied Probability and Statistics", "action_flag": 1, "change_message": "[{\"added\": {}}]"}}, {"model": "admin.logentry", "pk": 28, "fields": {"action_time": "2019-10-10T04:19:03.369Z", "user": 1, "content_type": 7, "object_id": "17", "object_repr": "C176 Business of IT -- Project Management", "action_flag": 1, "change_message": "[{\"added\": {}}]"}}, {"model": "admin.logentry", "pk": 29, "fields": {"action_time": "2019-10-10T04:20:08.227Z", "user": 1, "content_type": 7, "object_id": "18", "object_repr": "C957 Applied Algebra", "action_flag": 1, "change_message": "[{\"added\": {}}]"}}, {"model": "admin.logentry", "pk": 30, "fields": {"action_time": "2019-10-10T04:21:35.587Z", "user": 1, "content_type": 7, "object_id": "19", "object_repr": "C867 Scripting and Programming -- Applications", "action_flag": 1, "change_message": "[{\"added\": {}}]"}}, {"model": "admin.logentry", "pk": 31, "fields": {"action_time": "2019-10-10T04:22:40.672Z", "user": 1, "content_type": 7, "object_id": "20", "object_repr": "C846 Business of IT -- Applications", "action_flag": 1, "change_message": "[{\"added\": {}}]"}}, {"model": "admin.logentry", "pk": 32, "fields": {"action_time": "2019-10-10T04:23:33.750Z", "user": 1, "content_type": 7, "object_id": "21", "object_repr": "C948 Technical Communication", "action_flag": 1, "change_message": "[{\"added\": {}}]"}}, {"model": "admin.logentry", "pk": 33, "fields": {"action_time": "2019-10-10T04:25:09.468Z", "user": 1, "content_type": 7, "object_id": "22", "object_repr": "C175 Data Management -- Foundations", "action_flag": 1, "change_message": "[{\"added\": {}}]"}}, {"model": "admin.logentry", "pk": 34, "fields": {"action_time": "2019-10-10T04:26:09.871Z", "user": 1, "content_type": 7, "object_id": "23", "object_repr": "C170 Data Management --- Applications", "action_flag": 1, "change_message": "[{\"added\": {}}]"}}, {"model": "admin.logentry", "pk": 35, "fields": {"action_time": "2019-10-10T04:27:05.163Z", "user": 1, "content_type": 7, "object_id": "24", "object_repr": "C191 Operating Systems for Programmers", "action_flag": 1, "change_message": "[{\"added\": {}}]"}}, {"model": "admin.logentry", "pk": 36, "fields": {"action_time": "2019-10-10T04:28:12.643Z", "user": 1, "content_type": 7, "object_id": "25", "object_repr": "C188 Software Engineering", "action_flag": 1, "change_message": "[{\"added\": {}}]"}}, {"model": "admin.logentry", "pk": 37, "fields": {"action_time": "2019-10-10T04:29:49.811Z", "user": 1, "content_type": 7, "object_id": "26", "object_repr": "C484 Organizational Behavior and Leadership", "action_flag": 1, "change_message": "[{\"added\": {}}]"}}, {"model": "admin.logentry", "pk": 38, "fields": {"action_time": "2019-10-10T04:30:39.681Z", "user": 1, "content_type": 7, "object_id": "27", "object_repr": "C777 Web Development Applications", "action_flag": 1, "change_message": "[{\"added\": {}}]"}}, {"model": "admin.logentry", "pk": 39, "fields": {"action_time": "2019-10-10T04:32:56.557Z", "user": 1, "content_type": 7, "object_id": "28", "object_repr": "C773 User Interface Design", "action_flag": 1, "change_message": "[{\"added\": {}}]"}}, {"model": "admin.logentry", "pk": 40, "fields": {"action_time": "2019-10-10T04:33:51.446Z", "user": 1, "content_type": 7, "object_id": "29", "object_repr": "C856 User Experience Design", "action_flag": 1, "change_message": "[{\"added\": {}}]"}}, {"model": "admin.logentry", "pk": 41, "fields": {"action_time": "2019-10-10T04:35:21.317Z", "user": 1, "content_type": 7, "object_id": "30", "object_repr": "C969 Software II - C#", "action_flag": 1, "change_message": "[{\"added\": {}}]"}}, {"model": "admin.logentry", "pk": 42, "fields": {"action_time": "2019-10-10T04:37:15.470Z", "user": 1, "content_type": 7, "object_id": "31", "object_repr": "C Software Quality Assurance", "action_flag": 1, "change_message": "[{\"added\": {}}]"}}, {"model": "admin.logentry", "pk": 43, "fields": {"action_time": "2019-10-10T04:37:41.034Z", "user": 1, "content_type": 7, "object_id": "31", "object_repr": "C857 Software Quality Assurance", "action_flag": 2, "change_message": "[{\"changed\": {\"fields\": [\"course_number\"]}}]"}}, {"model": "admin.logentry", "pk": 44, "fields": {"action_time": "2019-10-10T04:39:25.171Z", "user": 1, "content_type": 7, "object_id": "32", "object_repr": "C971 Mobile Application Development", "action_flag": 1, "change_message": "[{\"added\": {}}]"}}, {"model": "admin.logentry", "pk": 45, "fields": {"action_time": "2019-10-10T04:40:12.699Z", "user": 1, "content_type": 7, "object_id": "33", "object_repr": "C993 Structured Query Language", "action_flag": 1, "change_message": "[{\"added\": {}}]"}}, {"model": "admin.logentry", "pk": 46, "fields": {"action_time": "2019-10-10T04:43:19.983Z", "user": 1, "content_type": 7, "object_id": "34", "object_repr": "C172 Network and Security -- Foundations", "action_flag": 1, "change_message": "[{\"added\": {}}]"}}, {"model": "admin.logentry", "pk": 47, "fields": {"action_time": "2019-10-10T04:44:06.639Z", "user": 1, "content_type": 7, "object_id": "35", "object_repr": "C282 Calculus I", "action_flag": 1, "change_message": "[{\"added\": {}}]"}}, {"model": "admin.logentry", "pk": 48, "fields": {"action_time": "2019-10-10T04:45:52.647Z", "user": 1, "content_type": 7, "object_id": "36", "object_repr": "C173 Scripting and Programming -- Foundations", "action_flag": 1, "change_message": "[{\"added\": {}}]"}}, {"model": "admin.logentry", "pk": 49, "fields": {"action_time": "2019-10-10T04:46:11.683Z", "user": 1, "content_type": 7, "object_id": "8", "object_repr": "C173 Scripting and Programming Foundations", "action_flag": 3, "change_message": ""}}, {"model": "admin.logentry", "pk": 50, "fields": {"action_time": "2019-10-10T04:47:38.635Z", "user": 1, "content_type": 7, "object_id": "37", "object_repr": "C959 Discrete Mathematics I", "action_flag": 1, "change_message": "[{\"added\": {}}]"}}, {"model": "admin.logentry", "pk": 51, "fields": {"action_time": "2019-10-10T04:47:52.659Z", "user": 1, "content_type": 7, "object_id": "11", "object_repr": "C172 Network and Security Foundations", "action_flag": 3, "change_message": ""}}, {"model": "admin.logentry", "pk": 52, "fields": {"action_time": "2019-10-10T04:49:15.980Z", "user": 1, "content_type": 7, "object_id": "38", "object_repr": "C960 Discrete Mathematics II", "action_flag": 1, "change_message": "[{\"added\": {}}]"}}, {"model": "admin.logentry", "pk": 53, "fields": {"action_time": "2019-10-10T04:50:11.453Z", "user": 1, "content_type": 7, "object_id": "39", "object_repr": "C683 Natural Science Lab", "action_flag": 1, "change_message": "[{\"added\": {}}]"}}, {"model": "admin.logentry", "pk": 54, "fields": {"action_time": "2019-10-10T04:51:10.873Z", "user": 1, "content_type": 7, "object_id": "40", "object_repr": "C952 Computer Architecture", "action_flag": 1, "change_message": "[{\"added\": {}}]"}}, {"model": "admin.logentry", "pk": 55, "fields": {"action_time": "2019-10-10T04:53:43.180Z", "user": 1, "content_type": 7, "object_id": "41", "object_repr": "C482 Software I -- Java", "action_flag": 1, "change_message": "[{\"added\": {}}]"}}, {"model": "admin.logentry", "pk": 56, "fields": {"action_time": "2019-10-10T04:55:01.891Z", "user": 1, "content_type": 7, "object_id": "42", "object_repr": "C195 Software II -- Java", "action_flag": 1, "change_message": "[{\"added\": {}}]"}}, {"model": "admin.logentry", "pk": 57, "fields": {"action_time": "2019-10-10T04:56:16.621Z", "user": 1, "content_type": 7, "object_id": "43", "object_repr": "C949 Data Structures and Algorithms", "action_flag": 1, "change_message": "[{\"added\": {}}]"}}, {"model": "admin.logentry", "pk": 58, "fields": {"action_time": "2019-10-10T04:57:50.408Z", "user": 1, "content_type": 7, "object_id": "44", "object_repr": "C950 Data Structures and Algorithms II", "action_flag": 1, "change_message": "[{\"added\": {}}]"}}, {"model": "admin.logentry", "pk": 59, "fields": {"action_time": "2019-10-10T04:58:42.125Z", "user": 1, "content_type": 7, "object_id": "45", "object_repr": "C836 Fundamentals of Information Security", "action_flag": 1, "change_message": "[{\"added\": {}}]"}}, {"model": "admin.logentry", "pk": 60, "fields": {"action_time": "2019-10-10T05:00:05.552Z", "user": 1, "content_type": 7, "object_id": "46", "object_repr": "C Introduction to Artificial Intelligence", "action_flag": 1, "change_message": "[{\"added\": {}}]"}}, {"model": "admin.logentry", "pk": 61, "fields": {"action_time": "2019-10-10T05:00:17.970Z", "user": 1, "content_type": 7, "object_id": "46", "object_repr": "C951 Introduction to Artificial Intelligence", "action_flag": 2, "change_message": "[{\"changed\": {\"fields\": [\"course_number\"]}}]"}}, {"model": "admin.logentry", "pk": 62, "fields": {"action_time": "2019-10-10T05:06:46.420Z", "user": 1, "content_type": 7, "object_id": "47", "object_repr": "QTT2 Finite Mathematics", "action_flag": 1, "change_message": "[{\"added\": {}}]"}}, {"model": "admin.logentry", "pk": 63, "fields": {"action_time": "2019-10-10T05:08:02.488Z", "user": 1, "content_type": 7, "object_id": "48", "object_repr": "C480 Networks", "action_flag": 1, "change_message": "[{\"added\": {}}]"}}, {"model": "admin.logentry", "pk": 64, "fields": {"action_time": "2019-10-10T05:08:49.813Z", "user": 1, "content_type": 7, "object_id": "49", "object_repr": "C268 Spreadsheets", "action_flag": 1, "change_message": "[{\"added\": {}}]"}}, {"model": "admin.logentry", "pk": 65, "fields": {"action_time": "2019-10-10T05:10:32.558Z", "user": 1, "content_type": 7, "object_id": "50", "object_repr": "C724 Information Systems Management", "action_flag": 1, "change_message": "[{\"added\": {}}]"}}, {"model": "admin.logentry", "pk": 66, "fields": {"action_time": "2019-10-10T05:12:07.412Z", "user": 1, "content_type": 7, "object_id": "51", "object_repr": "C849 Cloud Foundations", "action_flag": 1, "change_message": "[{\"added\": {}}]"}}, {"model": "admin.logentry", "pk": 67, "fields": {"action_time": "2019-10-10T05:13:10.482Z", "user": 1, "content_type": 7, "object_id": "52", "object_repr": "C483 Principles of Management", "action_flag": 1, "change_message": "[{\"added\": {}}]"}}, {"model": "admin.logentry", "pk": 68, "fields": {"action_time": "2019-10-10T05:14:04.772Z", "user": 1, "content_type": 7, "object_id": "53", "object_repr": "C851 Linux Foundations", "action_flag": 1, "change_message": "[{\"added\": {}}]"}}, {"model": "admin.logentry", "pk": 69, "fields": {"action_time": "2019-10-10T05:15:08.299Z", "user": 1, "content_type": 7, "object_id": "54", "object_repr": "C850 Emerging Technologies", "action_flag": 1, "change_message": "[{\"added\": {}}]"}}, {"model": "admin.logentry", "pk": 70, "fields": {"action_time": "2019-10-10T22:27:53.002Z", "user": 1, "content_type": 7, "object_id": "10", "object_repr": "C100 Introduction to Humanities", "action_flag": 2, "change_message": "[{\"changed\": {\"fields\": [\"description\"]}}]"}}, {"model": "admin.logentry", "pk": 71, "fields": {"action_time": "2019-10-10T22:30:33.224Z", "user": 1, "content_type": 9, "object_id": "1", "object_repr": "Network+", "action_flag": 1, "change_message": "[{\"added\": {}}]"}}, {"model": "admin.logentry", "pk": 72, "fields": {"action_time": "2019-10-10T22:30:40.199Z", "user": 1, "content_type": 9, "object_id": "2", "object_repr": "A+", "action_flag": 1, "change_message": "[{\"added\": {}}]"}}, {"model": "admin.logentry", "pk": 73, "fields": {"action_time": "2019-10-10T22:30:46.686Z", "user": 1, "content_type": 9, "object_id": "3", "object_repr": "Project+", "action_flag": 1, "change_message": "[{\"added\": {}}]"}}, {"model": "admin.logentry", "pk": 74, "fields": {"action_time": "2019-10-10T22:31:02.670Z", "user": 1, "content_type": 9, "object_id": "4", "object_repr": "Security+", "action_flag": 1, "change_message": "[{\"added\": {}}]"}}, {"model": "admin.logentry", "pk": 75, "fields": {"action_time": "2019-10-10T22:31:27.179Z", "user": 1, "content_type": 8, "object_id": "2", "object_repr": "B.S. Information Technology", "action_flag": 2, "change_message": "[{\"changed\": {\"fields\": [\"earned_certifications\"]}}]"}}, {"model": "admin.logentry", "pk": 76, "fields": {"action_time": "2019-10-10T23:37:10.063Z", "user": 1, "content_type": 8, "object_id": "2", "object_repr": "B.S. Information Technology", "action_flag": 2, "change_message": "[{\"changed\": {\"fields\": [\"link\"]}}]"}}, {"model": "admin.logentry", "pk": 77, "fields": {"action_time": "2019-10-10T23:39:11.963Z", "user": 1, "content_type": 8, "object_id": "3", "object_repr": "B.S. Software Development", "action_flag": 2, "change_message": "[{\"changed\": {\"fields\": [\"courses\", \"earned_certifications\", \"link\"]}}]"}}, {"model": "admin.logentry", "pk": 78, "fields": {"action_time": "2019-10-10T23:44:41.371Z", "user": 1, "content_type": 8, "object_id": "1", "object_repr": "B.S. Computer Science", "action_flag": 2, "change_message": "[{\"changed\": {\"fields\": [\"courses\"]}}]"}}, {"model": "admin.logentry", "pk": 79, "fields": {"action_time": "2019-10-10T23:45:09.025Z", "user": 1, "content_type": 8, "object_id": "1", "object_repr": "B.S. Computer Science", "action_flag": 2, "change_message": "[{\"changed\": {\"fields\": [\"link\"]}}]"}}, {"model": "admin.logentry", "pk": 80, "fields": {"action_time": "2019-10-11T00:49:30.049Z", "user": 1, "content_type": 9, "object_id": "5", "object_repr": "Oracle Database SQL", "action_flag": 1, "change_message": "[{\"added\": {}}]"}}, {"model": "admin.logentry", "pk": 81, "fields": {"action_time": "2019-10-11T00:49:58.000Z", "user": 1, "content_type": 9, "object_id": "6", "object_repr": "ITIL Foundation", "action_flag": 1, "change_message": "[{\"added\": {}}]"}}, {"model": "admin.logentry", "pk": 82, "fields": {"action_time": "2019-10-11T00:50:08.097Z", "user": 1, "content_type": 9, "object_id": "7", "object_repr": "CIW Site Developer", "action_flag": 1, "change_message": "[{\"added\": {}}]"}}, {"model": "admin.logentry", "pk": 83, "fields": {"action_time": "2019-10-11T00:50:16.367Z", "user": 1, "content_type": 8, "object_id": "3", "object_repr": "B.S. Software Development", "action_flag": 2, "change_message": "[{\"changed\": {\"fields\": [\"courses\", \"earned_certifications\"]}}]"}}, {"model": "admin.logentry", "pk": 84, "fields": {"action_time": "2019-10-11T00:50:46.602Z", "user": 1, "content_type": 9, "object_id": "2", "object_repr": "CompTIA A+", "action_flag": 2, "change_message": "[{\"changed\": {\"fields\": [\"name\"]}}]"}}, {"model": "admin.logentry", "pk": 85, "fields": {"action_time": "2019-10-11T00:50:57.947Z", "user": 1, "content_type": 9, "object_id": "1", "object_repr": "CompTIA Network+", "action_flag": 2, "change_message": "[{\"changed\": {\"fields\": [\"name\"]}}]"}}, {"model": "admin.logentry", "pk": 86, "fields": {"action_time": "2019-10-11T00:51:07.448Z", "user": 1, "content_type": 9, "object_id": "3", "object_repr": "CompTIA Project+", "action_flag": 2, "change_message": "[{\"changed\": {\"fields\": [\"name\"]}}]"}}, {"model": "admin.logentry", "pk": 87, "fields": {"action_time": "2019-10-11T00:51:15.158Z", "user": 1, "content_type": 9, "object_id": "4", "object_repr": "CompTIA Security+", "action_flag": 2, "change_message": "[{\"changed\": {\"fields\": [\"name\"]}}]"}}, {"model": "admin.logentry", "pk": 88, "fields": {"action_time": "2019-10-11T00:51:46.349Z", "user": 1, "content_type": 9, "object_id": "7", "object_repr": "CIW Site Developer Associate", "action_flag": 2, "change_message": "[{\"changed\": {\"fields\": [\"name\"]}}]"}}, {"model": "admin.logentry", "pk": 89, "fields": {"action_time": "2019-10-11T00:52:04.752Z", "user": 1, "content_type": 9, "object_id": "8", "object_repr": "CIW User Interface Designer", "action_flag": 1, "change_message": "[{\"added\": {}}]"}}, {"model": "admin.logentry", "pk": 90, "fields": {"action_time": "2019-10-11T00:52:21.880Z", "user": 1, "content_type": 9, "object_id": "9", "object_repr": "CIW Advanced HTML5 and CSS Specialist", "action_flag": 1, "change_message": "[{\"added\": {}}]"}}, {"model": "admin.logentry", "pk": 91, "fields": {"action_time": "2019-10-11T00:52:57.162Z", "user": 1, "content_type": 9, "object_id": "10", "object_repr": "Cisco Certified Network Associate", "action_flag": 1, "change_message": "[{\"added\": {}}]"}}, {"model": "admin.logentry", "pk": 92, "fields": {"action_time": "2019-10-11T00:53:10.048Z", "user": 1, "content_type": 9, "object_id": "10", "object_repr": "Cisco Certified Network Associate (CCNA)", "action_flag": 2, "change_message": "[{\"changed\": {\"fields\": [\"name\"]}}]"}}, {"model": "admin.logentry", "pk": 93, "fields": {"action_time": "2019-10-11T01:00:59.926Z", "user": 1, "content_type": 8, "object_id": "1", "object_repr": "B.S. Computer Science", "action_flag": 2, "change_message": "[{\"changed\": {\"fields\": [\"courses\"]}}]"}}, {"model": "admin.logentry", "pk": 94, "fields": {"action_time": "2019-10-11T01:06:35.576Z", "user": 1, "content_type": 8, "object_id": "2", "object_repr": "B.S. Information Technology", "action_flag": 2, "change_message": "[{\"changed\": {\"fields\": [\"courses\"]}}]"}}, {"model": "admin.logentry", "pk": 95, "fields": {"action_time": "2019-10-11T01:08:23.474Z", "user": 1, "content_type": 8, "object_id": "2", "object_repr": "B.S. Information Technology", "action_flag": 2, "change_message": "[]"}}, {"model": "admin.logentry", "pk": 96, "fields": {"action_time": "2019-10-11T03:09:41.525Z", "user": 1, "content_type": 7, "object_id": "33", "object_repr": "C993 Structured Query Language", "action_flag": 2, "change_message": "[{\"changed\": {\"fields\": [\"certificate_earned\"]}}]"}}, {"model": "admin.logentry", "pk": 97, "fields": {"action_time": "2019-10-11T03:09:53.869Z", "user": 1, "content_type": 7, "object_id": "48", "object_repr": "C480 Networks", "action_flag": 2, "change_message": "[{\"changed\": {\"fields\": [\"certificate_earned\"]}}]"}}, {"model": "admin.logentry", "pk": 98, "fields": {"action_time": "2019-10-11T03:10:04.377Z", "user": 1, "content_type": 7, "object_id": "17", "object_repr": "C176 Business of IT -- Project Management", "action_flag": 2, "change_message": "[{\"changed\": {\"fields\": [\"certificate_earned\"]}}]"}}, {"model": "admin.logentry", "pk": 99, "fields": {"action_time": "2019-10-11T03:10:18.762Z", "user": 1, "content_type": 7, "object_id": "14", "object_repr": "C394 IT Applications", "action_flag": 2, "change_message": "[{\"changed\": {\"fields\": [\"certificate_earned\"]}}]"}}, {"model": "admin.logentry", "pk": 100, "fields": {"action_time": "2019-10-11T03:10:48.703Z", "user": 1, "content_type": 7, "object_id": "13", "object_repr": "C393 IT Foundations", "action_flag": 2, "change_message": "[{\"changed\": {\"fields\": [\"certificate_earned\"]}}]"}}, {"model": "admin.logentry", "pk": 101, "fields": {"action_time": "2019-10-11T03:11:32.964Z", "user": 1, "content_type": 7, "object_id": "20", "object_repr": "C846 Business of IT -- Applications", "action_flag": 2, "change_message": "[{\"changed\": {\"fields\": [\"certificate_earned\"]}}]"}}, {"model": "admin.logentry", "pk": 102, "fields": {"action_time": "2019-10-11T03:12:00.697Z", "user": 1, "content_type": 7, "object_id": "9", "object_repr": "C779 Web Development Foundations", "action_flag": 2, "change_message": "[{\"changed\": {\"fields\": [\"description\"]}}]"}}]