[{"model": "auth.user", "fields": {"password": "pbkdf2_sha256$150000$6JgadLNECDI1$3MyZiGNZWJIJYognOVfCMciG3QO5TYJ2IIHu60IyZy8=", "last_login": "2019-10-29T05:41:16.132Z", "is_superuser": true, "username": "ec", "first_name": "", "last_name": "", "email": "ecleek@gmail.com", "is_staff": true, "is_active": true, "date_joined": "2019-10-09T20:37:32Z", "groups": [], "user_permissions": []}}, {"model": "auth.user", "fields": {"password": "pbkdf2_sha256$150000$xUZwtyCNlf0A$Z+uDACOjl2Y4SANWaMEG/vpMal7NXmea8QQkNMqhNBM=", "last_login": null, "is_superuser": false, "username": "guest_mod", "first_name": "", "last_name": "", "email": "", "is_staff": true, "is_active": true, "date_joined": "2019-10-27T22:59:33Z", "groups": [], "user_permissions": [["add_certification", "course_selector", "certification"], ["change_certification", "course_selector", "certification"], ["delete_certification", "course_selector", "certification"], ["add_course", "course_selector", "course"], ["change_course", "course_selector", "course"], ["view_course", "course_selector", "course"], ["add_degree", "course_selector", "degree"], ["change_degree", "course_selector", "degree"], ["view_degree", "course_selector", "degree"], ["add_school", "course_selector", "school"], ["change_school", "course_selector", "school"], ["view_school", "course_selector", "school"]]}}, {"model": "sessions.session", "pk": "57gk6rd2nbkv3b00pd0gnk1sum7ngpc2", "fields": {"session_data": "ZTM4OGE5NjUwZTUyOTA5ZTA1NzBlNDgzNThjOWRjMzM4NDAwMGZkMDp7Il9hdXRoX3VzZXJfaWQiOiIxIiwiX2F1dGhfdXNlcl9iYWNrZW5kIjoiZGphbmdvLmNvbnRyaWIuYXV0aC5iYWNrZW5kcy5Nb2RlbEJhY2tlbmQiLCJfYXV0aF91c2VyX2hhc2giOiIxZmVjMThiOGU3MzM0NWJiZTc4ZDAzYjk5NDBiMzBiNTMwNzQyNTdmIn0=", "expire_date": "2019-10-24T03:42:30.166Z"}}, {"model": "sessions.session", "pk": "o51o97bkujviebuxb6kp8buhfkhkngaw", "fields": {"session_data": "ZDg2MjlkZWI5OGM2NWViMjllYjJjODU4ZjVkMDVkZmI1ZGE5NTM0NDp7Il9hdXRoX3VzZXJfaWQiOiIxIiwiX2F1dGhfdXNlcl9iYWNrZW5kIjoiZGphbmdvLmNvbnRyaWIuYXV0aC5iYWNrZW5kcy5Nb2RlbEJhY2tlbmQiLCJfYXV0aF91c2VyX2hhc2giOiJlZTM4YzExYjJjMjQ5MmI1MjRmNjZlYWUxY2IyYmM2YmMzZjZkZmY5In0=", "expire_date": "2019-11-12T05:41:16.155Z"}}, {"model": "sessions.session", "pk": "sipk7x3soylu2i62oiocl7iz6kwxk28o", "fields": {"session_data": "NWU3NmQ2NjliMTY5OGU1YzI5NGY2YTViNGMzZWUyMDUxYzcxYmU2Nzp7Il9hdXRoX3VzZXJfaWQiOiIxIiwiX2F1dGhfdXNlcl9iYWNrZW5kIjoiZGphbmdvLmNvbnRyaWIuYXV0aC5iYWNrZW5kcy5Nb2RlbEJhY2tlbmQiLCJfYXV0aF91c2VyX2hhc2giOiIwNDhlZTNmZTg2MmU1MWQxZjQyMWYwZmVhNjliZTYyNjAwZGQ4MmFhIn0=", "expire_date": "2019-11-10T18:01:58.555Z"}}, {"model": "sessions.session", "pk": "v6cgjkfxfaa4egoicdzr0hyb6datbqw4", "fields": {"session_data": "NWU3NmQ2NjliMTY5OGU1YzI5NGY2YTViNGMzZWUyMDUxYzcxYmU2Nzp7Il9hdXRoX3VzZXJfaWQiOiIxIiwiX2F1dGhfdXNlcl9iYWNrZW5kIjoiZGphbmdvLmNvbnRyaWIuYXV0aC5iYWNrZW5kcy5Nb2RlbEJhY2tlbmQiLCJfYXV0aF91c2VyX2hhc2giOiIwNDhlZTNmZTg2MmU1MWQxZjQyMWYwZmVhNjliZTYyNjAwZGQ4MmFhIn0=", "expire_date": "2019-11-10T22:58:52.620Z"}}, {"model": "sessions.session", "pk": "w2jo5vhwr1xac3vav884jgj0qj8tuqkh", "fields": {"session_data": "ZTM4OGE5NjUwZTUyOTA5ZTA1NzBlNDgzNThjOWRjMzM4NDAwMGZkMDp7Il9hdXRoX3VzZXJfaWQiOiIxIiwiX2F1dGhfdXNlcl9iYWNrZW5kIjoiZGphbmdvLmNvbnRyaWIuYXV0aC5iYWNrZW5kcy5Nb2RlbEJhY2tlbmQiLCJfYXV0aF91c2VyX2hhc2giOiIxZmVjMThiOGU3MzM0NWJiZTc4ZDAzYjk5NDBiMzBiNTMwNzQyNTdmIn0=", "expire_date": "2019-10-23T20:37:55.132Z"}}, {"model": "course_selector.school", "pk": 1, "fields": {"name": "Information Technology"}}, {"model": "course_selector.school", "pk": 2, "fields": {"name": "Teachers"}}, {"model": "course_selector.school", "pk": 3, "fields": {"name": "Business"}}, {"model": "course_selector.school", "pk": 4, "fields": {"name": "Health & Nursing"}}, {"model": "course_selector.certification", "pk": 1, "fields": {"name": "CompTIA Network+", "description": "", "link": "https://www.comptia.org/certifications/network"}}, {"model": "course_selector.certification", "pk": 2, "fields": {"name": "CompTIA A+", "description": "", "link": "https://www.comptia.org/certifications/a"}}, {"model": "course_selector.certification", "pk": 3, "fields": {"name": "CompTIA Project+", "description": "", "link": "https://www.comptia.org/certifications/project"}}, {"model": "course_selector.certification", "pk": 4, "fields": {"name": "CompTIA Security+", "description": "", "link": "https://www.comptia.org/certifications/security"}}, {"model": "course_selector.certification", "pk": 5, "fields": {"name": "Oracle Database SQL", "description": "", "link": "https://education.oracle.com/oracle-database-sql-certified-associate/trackp_457"}}, {"model": "course_selector.certification", "pk": 6, "fields": {"name": "ITIL Foundations", "description": "", "link": "https://www.axelos.com/certifications/itil-certifications/itil-foundation-level"}}, {"model": "course_selector.certification", "pk": 7, "fields": {"name": "CIW Site Developer Associate", "description": "", "link": "https://www.ciwcertified.com/ciw-certifications/web-foundations-series/site-development-associate"}}, {"model": "course_selector.certification", "pk": 8, "fields": {"name": "CIW User Interface Designer", "description": "", "link": "https://www.ciwcertified.com/ciw-certifications/web-and-mobile-design-series/user-interface-designer"}}, {"model": "course_selector.certification", "pk": 9, "fields": {"name": "CIW Advanced HTML5 and CSS Specialist", "description": "", "link": "https://www.ciwcertified.com/ciw-certifications/web-and-mobile-design-series/advanced-html5-and-css3-specialist"}}, {"model": "course_selector.certification", "pk": 10, "fields": {"name": "Cisco Certified Network Associate (CCNA)", "description": "", "link": "http://www.wgu.edu"}}, {"model": "course_selector.certification", "pk": 11, "fields": {"name": "Web Security Associate (CIW WSA)", "description": "", "link": "https://www.ciwcertified.com/ciw-certifications/web-security-series/web-security-associate"}}, {"model": "course_selector.certification", "pk": 12, "fields": {"name": "Systems Security Certified Practitioner (ISC2 SSCP)", "description": "", "link": "https://www.isc2.org/Certifications/SSCP"}}, {"model": "course_selector.certification", "pk": 13, "fields": {"name": "EC-Council Certified Incident Handler v2", "description": "", "link": "https://www.eccouncil.org/programs/ec-council-certified-incident-handler-ecih/"}}, {"model": "course_selector.certification", "pk": 14, "fields": {"name": "Cisco Certified Networking Associate (CCNA)", "description": "", "link": "https://www.cisco.com/c/en/us/training-events/training-certifications/certifications/associate/ccna.html#~stickynav=1"}}, {"model": "course_selector.certification", "pk": 15, "fields": {"name": "CompTIA Cloud Essentials", "description": "", "link": "https://www.comptia.org/certifications/cloud-essentials"}}, {"model": "course_selector.certification", "pk": 16, "fields": {"name": "CompTIA Cloud+", "description": "", "link": "https://www.comptia.org/certifications/cloud"}}, {"model": "course_selector.certification", "pk": 17, "fields": {"name": "AWS Certified SysOps Administrator Associate", "description": "", "link": "https://aws.amazon.com/certification/certified-sysops-admin-associate/"}}, {"model": "course_selector.certification", "pk": 18, "fields": {"name": "LPI Linux Essentials", "description": "", "link": "https://www.lpi.org/our-certifications/linux-essentials-overview"}}, {"model": "course_selector.certification", "pk": 19, "fields": {"name": "Udacity Data Analyst Nanodegree", "description": "", "link": "https://www.udacity.com/course/data-analyst-nanodegree--nd002"}}, {"model": "course_selector.certification", "pk": 20, "fields": {"name": "Oracle Database 12c: Administrator Certified Associate", "description": "", "link": "https://education.oracle.com/oracle-database-12c-administrator-certified-associate/trackp_248"}}, {"model": "course_selector.certification", "pk": 21, "fields": {"name": "Certified Cloud Security Professional (CCSP) - Associate", "description": "", "link": "https://www.isc2.org/Certifications/CCSP"}}, {"model": "course_selector.certification", "pk": 22, "fields": {"name": "EC-Council Computer Hacking Forensic Investigator (CHFI)", "description": "", "link": "https://www.eccouncil.org/programs/computer-hacking-forensic-investigator-chfi/"}}, {"model": "course_selector.certification", "pk": 23, "fields": {"name": "EC-Council Certified Ethical Hacker", "description": "", "link": "https://www.eccouncil.org/programs/certified-ethical-hacker-ceh/"}}, {"model": "course_selector.certification", "pk": 24, "fields": {"name": "SAS Certified BASE Programmer for SAS 9", "description": "", "link": "https://www.sas.com/en_us/certification/credentials/foundation-tools/base-programming-specialist.html"}}, {"model": "course_selector.certification", "pk": 25, "fields": {"name": "SAS Certified Statistical Business Analyst Using SAS 9", "description": "", "link": "https://www.sas.com/en_us/certification/credentials/advanced-analytics/statistical-business-analyst.html"}}, {"model": "course_selector.certification", "pk": 26, "fields": {"name": "PMI Certified Associate in Project Management (CAPM)", "description": "", "link": "https://www.pmi.org/certifications/types/certified-associate-capm"}}, {"model": "course_selector.certification", "pk": 27, "fields": {"name": "CIW Data Analyst", "description": "", "link": "https://www.ciwcertified.com/ciw-certifications/web-and-mobile-design-series/data-analyst"}}, {"model": "course_selector.certification", "pk": 29, "fields": {"name": "CompTIA IT Operations Specialist (Stack)", "description": "", "link": "https://www.comptia.org/certifications/which-certification/stackable-certifications"}}, {"model": "course_selector.certification", "pk": 30, "fields": {"name": "CompTIA Secure Infrastructure Specialist", "description": "", "link": "https://www.comptia.org/certifications/which-certification/stackable-certifications"}}, {"model": "course_selector.coursetype", "pk": 1, "fields": {"course_type": "General Education"}}, {"model": "course_selector.coursetype", "pk": 2, "fields": {"course_type": "IT Fundamentals"}}, {"model": "course_selector.course", "pk": 1, "fields": {"name": "Introduction to IT", "course_type": 1, "course_number": "C182", "description": "Introduction to IT examines information technology as a discipline and the various roles and functions of the IT department as business support. Students are presented with various IT disciplines including systems and services, network and security, scripting and programming, data management, and business of IT, with a survey of technologies in every area and how they relate to each other and to the business.", "certificate_earned": null, "comp_units": 4, "prereqs": []}}, {"model": "course_selector.course", "pk": 2, "fields": {"name": "Software I -- C#", "course_type": 1, "course_number": "C968", "description": "Software I builds object-oriented programming expertise and introduces powerful new tools for C# application development. You will learn about and put into action class design, exception handling, and other object-oriented principles and constructs to develop software that meets business requirements. This course requires foundational knowledge of object-oriented programming. Scripting and Programming: Foundations and Scripting and Programming: Applications are prerequisites for this course.", "certificate_earned": null, "comp_units": 6, "prereqs": [32, 30]}}, {"model": "course_selector.course", "pk": 3, "fields": {"name": "Critical Thinking and Logic", "course_type": 1, "course_number": "C168", "description": "Reasoning and Problem Solving helps candidates internalize a systematic process for exploring issues that takes them beyond an unexamined point of view and encourages them to become more self-aware thinkers by applying principles of problem identification and clarification, planning and information gathering, identifying assumptions and values, analyzing and interpreting information and data, reaching well-founded conclusions, and identifying the role of critical thinking in disciplines and professions.", "certificate_earned": null, "comp_units": 3, "prereqs": []}}, {"model": "course_selector.course", "pk": 4, "fields": {"name": "Introduction to Communication", "course_type": 1, "course_number": "C464", "description": "This introductory communication course allows candidates to become familiar with the fundamental communication theories and practices necessary to engage in healthy professional and personal relationships. Candidates will survey human communication on multiple levels and critically apply the theoretical grounding of the course to interpersonal, intercultural, small group, and public presentational contexts. The course also encourages candidates to consider the influence of language, perception, culture, and media on their daily communicative interactions. In addition to theory, candidates will engage in the application of effective communication skills through systematically preparing and delivering an oral presentation. By practicing these fundamental skills in human communication, candidates become more competent communicators as they develop more flexible, useful, and discriminatory communicative practices in a variety of contexts. Note: There are references within this video to Taskstream. If Taskstream is not part of your student experience, please disregard, and locate your task(s) within your course.", "certificate_earned": null, "comp_units": 3, "prereqs": []}}, {"model": "course_selector.course", "pk": 5, "fields": {"name": "English Composition I", "course_type": 1, "course_number": "C455", "description": "English Composition I introduces undergraduate students to various genres of college-level writing. It is a foundational course designed to help students prepare for advanced writing within their discipline and other university courses. Specifically, this course will help students develop or improve research, citation, organizational, and writing skills. This course has no prerequisites.", "certificate_earned": null, "comp_units": 3, "prereqs": [69]}}, {"model": "course_selector.course", "pk": 6, "fields": {"name": "American Politics and the US Constitution", "course_type": 1, "course_number": "C963", "description": "American Politics and the U.S. Constitution examines the evolution of representative government in the United States and the changing interpretations of the civil rights and civil liberties protected by the Constitution. This course will give candidates an understanding of the powers of the branches of the federal government, the continual tensions inherent in a federal system, the shifting relationship between state and federal governments, and the interactions between elected officials and the ever-changing electorate. This course will focus on such topics as the role of a free press in a democracy, the impact of changing demographics on American politics, and the debates over and expansion of civil rights. Upon completion of the course, candidates should be able to explain the basic functions of the federal government, describe the forces that shape American policy and politics, and be better prepared to participate in America\u2019s civic institutions. This course has no prerequisite.", "certificate_earned": null, "comp_units": 3, "prereqs": []}}, {"model": "course_selector.course", "pk": 7, "fields": {"name": "Integrated Physical Science", "course_type": 1, "course_number": "C908", "description": "This course provides students with an overview of the basic principles and unifying ideas of the physical sciences: physics, chemistry, and Earth sciences. Course materials focus on scientific reasoning and practical and everyday applications of physical science concepts to help students integrate conceptual knowledge with practical skills.", "certificate_earned": null, "comp_units": 3, "prereqs": [65]}}, {"model": "course_selector.course", "pk": 9, "fields": {"name": "Web Development Foundations", "course_type": 1, "course_number": "C779", "description": "This course prepares students for the CIW Site Development Associate certification. The course introduces students to web design and development by presenting them with HTML5 and Cascading Style Sheets (CSS), the foundational languages of the web, by reviewing media strategies and by using tools and techniques commonly employed in web development.", "certificate_earned": null, "comp_units": 3, "prereqs": [71]}}, {"model": "course_selector.course", "pk": 10, "fields": {"name": "Introduction to Humanities", "course_type": 1, "course_number": "C100", "description": "This introductory humanities course allows candidates to practice essential writing, communication, and critical thinking skills necessary to engage in civic and professional interactions as mature, informed adults. Whether through studying literature, visual and performing arts, or philosophy, all humanities courses stress the need to form reasoned, analytical, and articulate responses to cultural and creative\r\nworks. Studying a wide variety of creative works allows candidates to more effectively enter the global community with a broad and enlightened perspective.", "certificate_earned": null, "comp_units": 3, "prereqs": []}}, {"model": "course_selector.course", "pk": 12, "fields": {"name": "Introduction to Geography", "course_type": 1, "course_number": "C255", "description": "This course will discuss\u202fgeographic concepts, places and regions, physical and human systems, and the environment.", "certificate_earned": null, "comp_units": 3, "prereqs": []}}, {"model": "course_selector.course", "pk": 13, "fields": {"name": "IT Foundations", "course_type": 1, "course_number": "C393", "description": "IT Foundations is the first course in a two-part series preparatory for the CompTIA A+ exam, Part I. Students will gain an\r\nunderstanding of personal computer components and their functions in a desktop system; computer data storage and retrieval; classifying, installing,\r\nconfiguring, optimizing, upgrading, and troubleshooting printers, laptops, portable devices, operating systems, networks, and system security;\r\nrecommending appropriate tools, diagnostic procedures, preventative maintenance and troubleshooting techniques for personal computer\r\ncomponents in a desktop system; strategies for identifying, preventing, and reporting safety hazards and environmental/human accidents in a\r\ntechnological environments; and effective communication with colleagues and clients as well as job-related professional behavior.", "certificate_earned": 2, "comp_units": 3, "prereqs": [14]}}, {"model": "course_selector.course", "pk": 14, "fields": {"name": "IT Applications", "course_type": 1, "course_number": "C394", "description": "IT Applications is a continuation of the IT Foundations course preparatory for the CompTIA A+ exam, Part II. Students will\r\ngain an understanding of personal computer components and their functions in a desktop system. Also covered is computer data storage and retrieval\r\nincluding classifying, installing, configuring, optimizing, upgrading, and troubleshooting printers, laptops, portable devices, operating systems,\r\nnetworks, and system security. Other areas include recommending appropriate tools, diagnostic procedures, preventative maintenance, and\r\ntroubleshooting techniques for personal computer components in a desktop system. The course then finishes with strategies for identifying,\r\npreventing, and reporting safety hazards and environmental/human accidents in a technological environment, and effective communication with\r\ncolleagues and clients as well as job-related professional behavior. This course builds on the understanding of hardware from IT Foundations and is\r\ndesigned to build the skills to support 4 core components: Operating Systems, Security, Software Troubleshooting, and Operational Procedures.\r\nThese are core competencies for IT professionals from cloud engineers to data analysts, and will empower you with a better understanding of the tools\r\nused during your career. The following course is a prerequisite: C393 IT Foundations", "certificate_earned": 2, "comp_units": 4, "prereqs": [13]}}, {"model": "course_selector.course", "pk": 15, "fields": {"name": "Ethics in Technology", "course_type": 1, "course_number": "C961", "description": "Ethics in Technology examines the ethical considerations of technology in each of four categories: privacy, accuracy,\r\nproperty, and access. The course presents a range of technologies and issues that challenge technologists in the field of information ethics.\r\nCandidates are introduced to a decision-making process as informed by ethical frameworks that outline key ethical considerations within the\r\ntechnologies presented. Candidates will study specific cases to help inform their professional responsibilities in how to navigate the important\r\ncontroversies in topics such as surveillance, social media, hacking, data manipulation, plagiarism and piracy, artificial intelligence, responsible\r\ninnovation, and the digital divide. This course has no prerequisites.", "certificate_earned": null, "comp_units": 3, "prereqs": []}}, {"model": "course_selector.course", "pk": 16, "fields": {"name": "Applied Probability and Statistics", "course_type": 1, "course_number": "C955", "description": "Applied Probability and Statistics helps candidates develop competence in the fundamental concepts of\r\nbasic statistics including introductory algebra and graphing; descriptive statistics; regression and correlation; and probability. Statistical data and\r\nprobability are used in everyday life, science, business, information technology, and educational settings to make informed decisions about the validity\r\nof studies and the effect of data on decisions. This course discusses what constitutes sound research design and how to appropriately model\r\nphenomena using statistical data. Additionally, the content covers simple probability calculations based on events that occur in the business and IT\r\nindustries. No prerequisites are required for this course.", "certificate_earned": null, "comp_units": 3, "prereqs": [18, 46]}}, {"model": "course_selector.course", "pk": 17, "fields": {"name": "Business of IT -- Project Management", "course_type": 1, "course_number": "C176", "description": "In this course, students will build on industry standard concepts, techniques, and processes to\r\ndevelop a comprehensive foundation for project management activities. During a project's life cycle, students will develop the critical skills necessary\r\nto initiate, plan, execute, monitor, control, and close a project. Students will apply best practices in areas such as scope management, resource\r\nallocation, project planning, project scheduling, quality control, risk management, performance measurement, and project reporting. This course\r\nprepares students for the following certification exam: CompTIA Project+.", "certificate_earned": 3, "comp_units": 4, "prereqs": []}}, {"model": "course_selector.course", "pk": 18, "fields": {"name": "Applied Algebra", "course_type": 1, "course_number": "C957", "description": "Applied Algebra is designed to help candidates develop competence in working with functions, working with the algebra of\r\nfunctions, and using some applied properties of functions. Candidates will learn how to apply different kinds of functions to relevant, real-life examples.\r\nFrom there, the algebra of several families of functions will be explored, including linear, polynomial, exponential, and logistic functions. Candidates\r\nwill also learn about relevant, applicable mathematical properties of each family of functions, including rate of change, concavity,\r\nmaximizing/minimizing, and asymptotes. These properties will be used to solve problems related to a WGU major and make sense of problems in\r\neveryday living. Candidates should complete Applied Probability and Statistics or its equivalent prior to engaging in Applied Algebra.", "certificate_earned": null, "comp_units": 3, "prereqs": [16]}}, {"model": "course_selector.course", "pk": 19, "fields": {"name": "Scripting and Programming -- Applications", "course_type": 1, "course_number": "C867", "description": "Scripting and Programming - Applications for undergraduates explores the various aspects of the C++ programming language by examining its syntax, the development environment, and tools and techniques to solve some real-world problems.", "certificate_earned": null, "comp_units": 4, "prereqs": []}}, {"model": "course_selector.course", "pk": 20, "fields": {"name": "Business of IT -- Applications", "course_type": 1, "course_number": "C846", "description": "Business of IT\u2014Applications examines Information Technology Infrastructure Library (ITIL\u00ae) terminology,\r\nstructure, policies, and concepts. Focusing on the management of information technology (IT) infrastructure, development, and operations, students\r\nwill explore the core principles of ITIL practices for service management to prepare them for careers as IT professionals, business managers, and\r\nbusiness process owners. This course has no prerequisites.", "certificate_earned": 6, "comp_units": 4, "prereqs": []}}, {"model": "course_selector.course", "pk": 21, "fields": {"name": "Technical Communication", "course_type": 1, "course_number": "C948", "description": "This course covers basic elements of technical communication, including professional written communication proficiency; the ability to strategize approaches for different audiences; and technical style, grammar, and syntax proficiency.", "certificate_earned": null, "comp_units": 3, "prereqs": []}}, {"model": "course_selector.course", "pk": 22, "fields": {"name": "Data Management -- Foundations", "course_type": 1, "course_number": "C175", "description": "This course introduces students to the concepts and terminology used in the field of data management. Students will be introduced to Structured Query Language (SQL) and will learn how to use Data Definition Language (DDL) and Data Manipulation Language (DML) commands to define, retrieve, and manipulate data. This course covers differentiations of data\u2014structured vs. unstructured and quasi-structured (relational, hierarchical, XML, textual, visual, etc); it also covers aspects of data management (quality, policy, storage methodologies).  Foundational concepts of data security are included.", "certificate_earned": null, "comp_units": 3, "prereqs": []}}, {"model": "course_selector.course", "pk": 23, "fields": {"name": "Data Management --- Applications", "course_type": 1, "course_number": "C170", "description": "This course covers conceptual data modeling and provides an introduction to MySQL. Students will learn\r\nhow to create simple to complex SELECT queries including subqueries and joins, and students will also learn how to use SQL to update and delete\r\ndata. Topics covered in this course include exposure to MySQL; developing physical schemas; creating and modifying databases, tables, views,\r\nforeign keys/primary keys (FKs/PKs), and indexes; populating tables; and developing simple Select-From-Where (SFW) queries to complex 3+ table\r\njoin queries.", "certificate_earned": null, "comp_units": 4, "prereqs": []}}, {"model": "course_selector.course", "pk": 24, "fields": {"name": "Operating Systems for Programmers", "course_type": 1, "course_number": "C191", "description": "This course covers operating systems from the perspective of a programmer including the placement of the operating system in the layered application development model. Primarily, OSs provide memory management, task scheduling, and CPU allocation. Secondarily, OSs provide tools for file storage/access, permission control, event handling, network access, and cross-process interaction. OSs also provide tools for debugging problems within a single process or within groups of programs.", "certificate_earned": null, "comp_units": 3, "prereqs": []}}, {"model": "course_selector.course", "pk": 25, "fields": {"name": "Software Engineering", "course_type": 1, "course_number": "C188", "description": "This course introduces the concepts of software engineering to students who have completed the core courses in programming and project management. The principles build on previously acquired concepts, switching the emphasis from programming simple\r\nroutines to engineering robust and scalable software solutions. This course does not cover programming, but provides an overview of software\r\nengineering processes and their challenging nature, focusing on the need for a disciplined approach to software engineering. A generic process framework provides the groundwork for formal process models. Prescriptive process models such as the waterfall model and agile development are included. An introduction to the elements and phases of software engineering is included, which explores requirements for engineering, design concepts, and software quality.", "certificate_earned": null, "comp_units": 4, "prereqs": []}}, {"model": "course_selector.course", "pk": 26, "fields": {"name": "Organizational Behavior and Leadership", "course_type": 1, "course_number": "C484", "description": "Organizational Behavior and Leadership explores how to lead and manage effectively in diverse business environments. The course requires students to demonstrate the ability to apply organizational leadership theories and management strategies in a series of scenario-based problems", "certificate_earned": null, "comp_units": 3, "prereqs": []}}, {"model": "course_selector.course", "pk": 27, "fields": {"name": "Web Development Applications", "course_type": 1, "course_number": "C777", "description": "This course builds upon a student's manual coding skills by teaching how to develop web documents and\r\npages using the web development trifecta: Hypertext Markup Language version 5 (HTML5), Cascading Style Sheets version 3 (CSS3), and JavaScript. Students will utilize the skills learned in this course to create web documents and pages that easily adapt to display on both traditional and mobile devices. In addition, students will learn techniques for code validation and testing, form creation, inline form field validation, and mobile design for browsers and apps, including Responsive Web Design (RWD).", "certificate_earned": null, "comp_units": 6, "prereqs": []}}, {"model": "course_selector.course", "pk": 28, "fields": {"name": "User Interface Design", "course_type": 1, "course_number": "C773", "description": "This course covers tools and techniques employed in user interface design, including web and mobile applications.  Concepts of clarity, usability, and detectability are included in this course, as well as other design elements such as color schemes, typography, and layout. Techniques like wireframing,  usability testing, and SEO optimization are also covered. This course prepares students for the CIW User Interface Designer certification.", "certificate_earned": null, "comp_units": 4, "prereqs": [32]}}, {"model": "course_selector.course", "pk": 29, "fields": {"name": "User Experience Design", "course_type": 1, "course_number": "C856", "description": "User Experience Design explores multiple tools and techniques used in user experience design. Students are presented with an in-depth view of activities involved in the design of user experience and have the opportunity to create several deliverables, including persona profiles, information architectures, and prototypes of different levels of fidelity. In addition, the course also covers usability testing and the evaluation of quantitative and qualitative data derived from these and other experiments.", "certificate_earned": null, "comp_units": 3, "prereqs": []}}, {"model": "course_selector.course", "pk": 30, "fields": {"name": "Software II - C#", "course_type": 1, "course_number": "C969", "description": "Software II - C# refines object-oriented programming expertise and builds database and file server application development skills. You will learn about and put into action lambda expressions, collections, and input/output to develop software with C# that meets business requirements. This course requires intermediate expertise in object-oriented programming and the C# language. The prerequisite for this course is Software I - C#.", "certificate_earned": null, "comp_units": 6, "prereqs": [32, 2]}}, {"model": "course_selector.course", "pk": 31, "fields": {"name": "Software Quality Assurance", "course_type": 1, "course_number": "C857", "description": "Software Quality Assurance applies a QA focus to every phase of the software development life cycle. This course investigates best practices for quality analysis, quality planning, and testing strategies as they pertain to the everyday practice of software development. Students will come to understand how their work fits into the bigger picture: how QA, testing, and code-writing practices interact within specific process models; the potential impact of new code on existing code or on other applications; the importance of usability, and the influence users have on the ultimate success of an application. Students will explore test plans, test cases, unit tests, integration tests, regression tests, usability tests, and test and review tools.", "certificate_earned": null, "comp_units": 3, "prereqs": []}}, {"model": "course_selector.course", "pk": 32, "fields": {"name": "Mobile Application Development", "course_type": 1, "course_number": "C971", "description": "Mobile Application Development Using C# introduces students to programming for mobile devices. Building on students' previous knowledge of programming in C#, this course investigates Xamarin.Forms and how it can be used to build a mobile application. This course explores a broad range of topics, including mobile user interface design and development, building applications that adapt to different mobile devices and platforms, managing data using a local database, and consuming REST-based web services. There are several prerequisites for this course: Software I, Software II, and UI Design.", "certificate_earned": null, "comp_units": 3, "prereqs": [2, 30, 28]}}, {"model": "course_selector.course", "pk": 33, "fields": {"name": "Structured Query Language", "course_type": 1, "course_number": "C993", "description": "This course prepares the student for the Oracle Database SQL (1Z0-071) certification exam. Students will master the SQL language that will allow them to restrict and sort data; create schema objects; control user access; and manage data, objects, and tables.", "certificate_earned": 5, "comp_units": 4, "prereqs": []}}, {"model": "course_selector.course", "pk": 34, "fields": {"name": "Network and Security -- Foundations", "course_type": 1, "course_number": "C172", "description": "Network and Security - Foundations introduces students to the components of a computer network and the concept and role of communication protocols. The course covers widely used categorical classifications of networks (e.g., LAN, MAN, WAN, WLAN, PAN, SAN, CAN, and VPN) as well as network topologies, physical devices, and layered abstraction. The course also introduces students to basic concepts of security covering vulnerabilities of networks and mitigation techniques, security of physical media, and security policies and procedures. This course has no prerequisites.", "certificate_earned": null, "comp_units": 3, "prereqs": [83, 48]}}, {"model": "course_selector.course", "pk": 35, "fields": {"name": "Calculus I", "course_type": 1, "course_number": "C282", "description": "Calculus I is the study of rates of change in the slope of a curve and covers the knowledge and skills necessary to use differential calculus of one variable and technology to solve basic problems. Topics include graphing functions and finding their domains and ranges; limits, continuity, differentiability, visual, analytical, and conceptual approaches to the definition of the derivative; the power, chain, and sum rules applied to polynomial and exponential functions, position and velocity; and L'Hopital's Rule. Precalculus is a prerequisite for this course.", "certificate_earned": null, "comp_units": 4, "prereqs": [37]}}, {"model": "course_selector.course", "pk": 36, "fields": {"name": "Scripting and Programming -- Foundations", "course_type": 1, "course_number": "C173", "description": "Scripting and Programming - Foundations provides an introduction to programming, covering basic elements such as variables, data types, flow control, and design concepts. The course is language-agnostic in nature, ending in a survey of languages and introduces the distinction between interpreted and compiled languages. There are no prerequisites for this course.", "certificate_earned": null, "comp_units": 3, "prereqs": [71]}}, {"model": "course_selector.course", "pk": 37, "fields": {"name": "Discrete Mathematics I", "course_type": 1, "course_number": "C959", "description": "Discrete Mathematics I helps candidates develop competence in the use of abstract, discrete structures fundamental to computer science. In particular, this course will introduce candidates to logic and proofs; Boolean algebra and functions; set theory; finite and infinite sequences and series; and relations, graphs, and trees. The course emphasizes applications in computer science. Calculus I is a prerequisite for this course.", "certificate_earned": null, "comp_units": 4, "prereqs": [35, 38]}}, {"model": "course_selector.course", "pk": 38, "fields": {"name": "Discrete Mathematics II", "course_type": 1, "course_number": "C960", "description": "Discrete Mathematics II addresses abstract, discrete, computational methods used in computer science. In particular, this class introduces searching and sorting algorithms; big-O estimates; number theory and cryptography; recursion and induction; counting and advanced counting techniques; discrete probability; and modeling computation. This course emphasizes applications in computer science. Discrete Mathematics I is a prerequisite for this course.", "certificate_earned": null, "comp_units": 4, "prereqs": [44, 37]}}, {"model": "course_selector.course", "pk": 39, "fields": {"name": "Natural Science Lab", "course_type": 1, "course_number": "C683", "description": "This course gives you an introduction to using the scientific method and engaging in scientific research to reach conclusions about the natural world. You will design and carry out an experiment to investigate a hypothesis by gathering quantitative data.", "certificate_earned": null, "comp_units": 2, "prereqs": []}}, {"model": "course_selector.course", "pk": 40, "fields": {"name": "Computer Architecture", "course_type": 1, "course_number": "C952", "description": "Computer Architecture introduces students to concepts and characteristics of organization and architecture applied to modern computer systems including performance, processor, memory, input/output, and multiprocessors to optimize system design, performance, and efficiency.", "certificate_earned": null, "comp_units": 3, "prereqs": []}}, {"model": "course_selector.course", "pk": 41, "fields": {"name": "Software I -- Java", "course_type": 1, "course_number": "C482", "description": "Software I builds object-oriented programming expertise and introduces powerful new tools for Java application development. You will learn about and put into action class design, exception handling, and other object-oriented principles and constructs to develop software that meets business requirements. This course requires foundational knowledge of object-oriented programming.", "certificate_earned": null, "comp_units": 6, "prereqs": [43, 42]}}, {"model": "course_selector.course", "pk": 42, "fields": {"name": "Software II -- Java", "course_type": 1, "course_number": "C195", "description": "Software II - Advanced Java Concepts refines object-oriented programming expertise and builds database and file server application development skills. You will learn about and put into action lambda expressions, collections, input/output, advanced error handling, and the newest features of Java 8 to develop software that meets business requirements. This course requires intermediate expertise in object-oriented programming and the Java language.", "certificate_earned": null, "comp_units": 6, "prereqs": [41]}}, {"model": "course_selector.course", "pk": 43, "fields": {"name": "Data Structures and Algorithms", "course_type": 1, "course_number": "C949", "description": "Data Structures and Algorithms I covers the fundamentals of dynamic data structures, such as bags, lists, stacks, queues, trees, hash tables, and their associated algorithms. With Python software as the basis, the course discusses object-oriented design and abstract data types as a design paradigm. The course emphasizes problem solving and techniques for designing efficient, maintainable software applications. Students will implement simple applications using the techniques learned. This course has one prerequisite: Software 1.", "certificate_earned": null, "comp_units": 4, "prereqs": [44, 41]}}, {"model": "course_selector.course", "pk": 44, "fields": {"name": "Data Structures and Algorithms II", "course_type": 1, "course_number": "C950", "description": "Data Structures and Algorithms II explores the analysis and implementation of high-performance data structures and supporting algorithms, including graphs, hashing, self-adjusting data structures, set representations, and dynamic programming. The course also introduces students to NP-complete problems. The course discusses how to use Python techniques to implement software solutions for problems of memory management and data compression. This course has two prerequisites: Data Structures and Algorithms I and Discrete Math II.", "certificate_earned": null, "comp_units": 4, "prereqs": [43, 38, 46]}}, {"model": "course_selector.course", "pk": 45, "fields": {"name": "Fundamentals of Information Security", "course_type": 1, "course_number": "C836", "description": "This course lays the foundation for understanding terminology, principles, processes, and best practices of information security at local and global levels. It further provides an overview of basic security vulnerabilities and countermeasures for protecting information assets through planning and administrative controls within an organization.", "certificate_earned": null, "comp_units": 3, "prereqs": []}}, {"model": "course_selector.course", "pk": 46, "fields": {"name": "Introduction to Artificial Intelligence", "course_type": 1, "course_number": "C951", "description": "Introduction to Artificial Intelligence explores the foundational principles and practices of artificial intelligence (AI), machine learning, and robotics. The course prepares students to analyze relationships, build agents, and create models relevant to AI problems. The prerequisites for this course are Introduction to Probability and Statistics as well as Data Structures and Algorithms II.", "certificate_earned": null, "comp_units": 3, "prereqs": [16, 44]}}, {"model": "course_selector.course", "pk": 47, "fields": {"name": "Finite Mathematics", "course_type": 1, "course_number": "QTT2", "description": "Finite Mathematics covers the knowledge and skills necessary to apply discrete mathematics and properties of number systems to model and solve real-life problems. Topics include sets and operations, prime and composite numbers, greatest common divisor and least common multiple, order of operations, ordering numbers, and mathematical systems. These systems include modular arithmetic; arithmetic and geometric sequences; ratio and proportion; subsets of real numbers; logic and truth tables; graphs, trees, and networks; and permutation and combination. There are no prerequisites for this course.", "certificate_earned": null, "comp_units": 4, "prereqs": []}}, {"model": "course_selector.course", "pk": 48, "fields": {"name": "Networks", "course_type": 1, "course_number": "C480", "description": "Networks for undergraduates focuses on the general concepts and applications of computer operating systems and network topologies. The fundamental knowledge and skills gained in this course prepares students for the CompTIA Network+ (N10-007) certification exam. C172 is a prerequisite for this course and should be completed prior to beginning Networks, C480.", "certificate_earned": 1, "comp_units": 4, "prereqs": [83, 34]}}, {"model": "course_selector.course", "pk": 49, "fields": {"name": "Spreadsheets", "course_type": 1, "course_number": "C268", "description": "The Spreadsheets course will help students become proficient in using spreadsheets to analyze business problems. Students\r\nwill demonstrate competency in spreadsheet development and analysis for business/accounting applications (e.g., using essential spreadsheet\r\nfunctions, formulas, charts, etc.)", "certificate_earned": null, "comp_units": 3, "prereqs": []}}, {"model": "course_selector.course", "pk": 50, "fields": {"name": "Information Systems Management", "course_type": 1, "course_number": "C724", "description": "Information Systems Management provides an overview of many facets of information systems applicable to business. The course explores the importance of viewing information technology (IT) as an organizational resource that must be managed, so that it supports or enables organizational strategy.", "certificate_earned": null, "comp_units": 3, "prereqs": []}}, {"model": "course_selector.course", "pk": 51, "fields": {"name": "Cloud Applications", "course_type": 1, "course_number": "C849", "description": "C923 - Cloud Applications - Cloud Applications teaches students to implement and maintain cloud technologies and enables them to jump into a rapidly growing market. As more businesses shift their IT operations to cloud platforms, skills in cloud computing and virtualization have become a\r\nfrequently required qualification for IT professionals. This course prepares students for the following certification exam: CV0-002 CompTIA Cloud+.While it is strongly recommended that students complete Cloud Foundations (C849) prior to beginning this course, there are no prerequisites.", "certificate_earned": 16, "comp_units": 3, "prereqs": [85]}}, {"model": "course_selector.course", "pk": 52, "fields": {"name": "Principles of Management", "course_type": 1, "course_number": "C483", "description": "This course addresses strategic planning, total quality, entrepreneurship, conflict and change, human resource management, diversity, and organizational structure.", "certificate_earned": null, "comp_units": 4, "prereqs": []}}, {"model": "course_selector.course", "pk": 53, "fields": {"name": "Linux Foundations", "course_type": 1, "course_number": "C851", "description": "Linux Foundations is an introduction to Linux as an operating system as well as an introduction to open-source concepts and the basics of the Linux command line. Expert content, a Linux virtual machine, and step-by-step labs give you hands-on access to practice Linux command line concepts. Linux is widely used in different industries for all kinds of functions including web servers, firewalls, and graphic design, and it provides robust functionality and a stable, secure environment that is not often found in any other client operating system", "certificate_earned": null, "comp_units": 3, "prereqs": []}}, {"model": "course_selector.course", "pk": 54, "fields": {"name": "Emerging Technologies", "course_type": 1, "course_number": "C850", "description": "The Emerging Technologies course examines emerging technologies, identifies the benefits and drawbacks of technology adoption, and provides students with a process to evaluate technologies. The course will examine three technologies that may have an impact on information technology services in the coming years.", "certificate_earned": null, "comp_units": 2, "prereqs": []}}, {"model": "course_selector.course", "pk": 55, "fields": {"name": "Managing Information Security", "course_type": 1, "course_number": "C837", "description": "Almost all businesses and organizations require a web presence. The security needs, demands, and defenses for these online environments differ from those of an isolated single computer or intranet. This course introduces best practices for preventing security breaches by applying web security protocols, firewalls, and system configurations. This course prepares students for the Web Security Associate (CIW\r\nWSA) certification exam.", "certificate_earned": 11, "comp_units": 4, "prereqs": []}}, {"model": "course_selector.course", "pk": 56, "fields": {"name": "Introduction to Cryptography", "course_type": 1, "course_number": "C839", "description": "Introduction to Cryptography provides students with knowledge of cryptographic algorithms, protocols, and their uses in the protection of information in various states. This course has no prerequisites.", "certificate_earned": null, "comp_units": 4, "prereqs": []}}, {"model": "course_selector.course", "pk": 57, "fields": {"name": "Information Systems Security", "course_type": 1, "course_number": "C845", "description": "IT security professionals must be prepared for the operational demands and responsibilities of security\r\npractitioners including authentication, security testing, intrusion detection and prevention, incident response and recovery, attacks and countermeasures, cryptography, and malicious code countermeasures. This course provides a comprehensive, up-to-date global body of knowledge\r\nthat ensures students have the right information, security knowledge, and skills to be successful in IT operational roles to mitigate security concerns and guard against the impact of malicious activity. Students demonstrate how to manage and restrict access control systems; administer policies,\r\nprocedures, and guidelines that are ethical and compliant with laws and regulations; implement risk management and incident handling processes; execute cryptographic systems to protect data; manage network security; and analyze common attack vectors and countermeasures to assure information integrity and confidentiality in various systems. This course prepares students for the Systems Security Certified Practitioner (ISC2 SSCP) certification exam.", "certificate_earned": 12, "comp_units": 4, "prereqs": []}}, {"model": "course_selector.course", "pk": 58, "fields": {"name": "Legal Issues in Information Security", "course_type": 1, "course_number": "C841", "description": "Security information professionals have the role and responsibility for knowing and applying ethical and legal principles and processes that define specific needs and demands to assure data integrity within an organization. This course addresses the laws, regulations, authorities, and directives that inform the development of operational policies, best practices, and training to assure legal compliance and to minimize internal and external threats. Students analyze legal constraints and liability concerns that threaten information security within an organization and develop disaster recovery plans to assure business continuity.", "certificate_earned": null, "comp_units": 4, "prereqs": []}}, {"model": "course_selector.course", "pk": 59, "fields": {"name": "Managing Cloud Security", "course_type": 1, "course_number": "C838", "description": "Managing Cloud Security will prepare students to design solutions for cloud-based platforms and operations that maintain data availability while protecting the confidentiality and integrity of information. Many of today's companies and organizations have outsourced data management, availability, and operational processes through cloud computing. Topics include security controls, disaster recovery\r\nplans, and continuity management plans that address physical, logical, and human factors. It is recommended that the following course be completed before attempting this course: Networks and IT Applications.", "certificate_earned": null, "comp_units": 4, "prereqs": []}}, {"model": "course_selector.course", "pk": 60, "fields": {"name": "Emerging Technologies in Cybersecurity", "course_type": 1, "course_number": "C844", "description": "The continual evolution of technology means that cybersecurity professionals must be able to\r\nanalyze and evaluate new technologies in information security such as wireless, mobile, and internet technologies. Students review the adoption process that prepares an organization for the risks and challenges of implementing new technologies. This course focuses on comparison of evolving\r\ntechnologies to address the security requirements of an organization. Students learn underlying principles critical to the operation of secure networks and adoption of new technologies.", "certificate_earned": null, "comp_units": 4, "prereqs": []}}, {"model": "course_selector.course", "pk": 61, "fields": {"name": "Managing Information Security", "course_type": 1, "course_number": "C843", "description": "This course expands on fundamentals of information security by providing an in-depth analysis of the relationship between an information security program and broader business goals and objectives. Students develop knowledge and experience in the development and management of an information security program essential to ongoing education, career progression, and value delivery to enterprises. Students apply best practices to develop an information security governance framework, analyze mitigation in the context of compliance requirements, align security programs with security strategies and best practices, and recommend procedures for managing security strategies that minimize risk to an organization.", "certificate_earned": null, "comp_units": 6, "prereqs": []}}, {"model": "course_selector.course", "pk": 62, "fields": {"name": "Cyber Defense and Countermeasures", "course_type": 1, "course_number": "C842", "description": "Traditional defenses such as firewalls, security protocols, and encryption sometimes fail to stop attackers determined to access and compromise data. This course provides the fundamental skills to handle and respond to the computer security incidents in an information system. The course addresses various underlying principles and techniques for detecting and responding to current and emerging computer security threats. Students learn how to handle various types of incidents, risk assessment methodologies, and various laws and policies related to incident handling. This course prepares students for the Certified Incident Handler (EC-Council ECIH) certification exam.", "certificate_earned": 13, "comp_units": 4, "prereqs": []}}, {"model": "course_selector.course", "pk": 63, "fields": {"name": "IT Capstone Written Project", "course_type": 1, "course_number": "C769", "description": "The capstone project consists of a technical work proposal, the proposal\u2019s implementation, and a post -implementation report that describes the graduate\u2019s experience in developing and implementing the capstone project. The capstone project should be presented and approved by the program mentor in relation to the graduate\u2019s technical emphasis.", "certificate_earned": null, "comp_units": 4, "prereqs": []}}, {"model": "course_selector.course", "pk": 64, "fields": {"name": "Introduction to Biology", "course_type": 1, "course_number": "C190", "description": "This course is a foundational introduction to the biological sciences. The overarching theories of life from biological research are explored as well as the fundamental concepts and principles of the study of living organisms and their interaction with the environment. Key concepts include how living organisms use and produce energy; how life grows, develops, and reproduces; how life responds to the environment to maintain internal stability; and how life evolves and adapts to the environment.", "certificate_earned": null, "comp_units": 3, "prereqs": []}}, {"model": "course_selector.course", "pk": 65, "fields": {"name": "Fundamentals of Interconnecting Network Devices", "course_type": 1, "course_number": "C246", "description": "This course prepares students for the Cisco CCENT certification exam, Interconnecting Cisco Networking Devices Part I (ICND1). This is also the first of two exams that lead to Cisco Certified Networking Associate (CCNA)certification.", "certificate_earned": 10, "comp_units": 6, "prereqs": [7, 67]}}, {"model": "course_selector.course", "pk": 66, "fields": {"name": "Interconnecting Network Devices", "course_type": 1, "course_number": "C247", "description": "C247 - Interconnecting Network Devices - This course prepares students for the second Cisco CCNA certification exam, Interconnecting Cisco Networking Devices Part 2 (ICND2).", "certificate_earned": 10, "comp_units": 6, "prereqs": []}}, {"model": "course_selector.course", "pk": 67, "fields": {"name": "Network Design Foundations", "course_type": 1, "course_number": "C917", "description": "Network Design Foundations explores enterprise environments that require networks designed for performance, availability, and scalability with the flexibility to meet rapidly evolving demands. Skilled IT professionals who possess up-to-date, fundamental network design skills are needed in order to meet these challenges head-on. The C246: Fundamentals of Interconnecting Network Devices or Cisco Certified Entry Networking Technician (CCENT) certification is a prerequisite for this course.", "certificate_earned": null, "comp_units": 4, "prereqs": [65]}}, {"model": "course_selector.course", "pk": 68, "fields": {"name": "Designing Customized Security", "course_type": 1, "course_number": "C299", "description": "This course provides an introduction to the core security concepts and skills needed for the installation, monitoring, and troubleshooting of network security features to maintain the integrity, confidentiality, and availability of data and devices. Successfully completing this course will certify these skills. You will also develop competency in the technologies that Cisco uses in its security infrastructure. Recommended experience: You should possess a current Cisco Certified Network Administrator in Routing and Switching certification.", "certificate_earned": null, "comp_units": 6, "prereqs": []}}, {"model": "course_selector.course", "pk": 69, "fields": {"name": "English Composition II", "course_type": 1, "course_number": "C456", "description": "C456 - English Composition II - English Composition I introduces candidates to the types of writing and thinking that are valued in college and beyond. Candidates will practice writing in several genres with emphasis placed on writing and revising academic arguments. Instruction and exercises in grammar, mechanics, research documentation, and style are paired with each module so that writers can practice these skills as necessary. Composition I is a foundational course designed to help candidates prepare for success at the college level. There are no prerequisites for English Composition I.", "certificate_earned": null, "comp_units": 3, "prereqs": [5]}}, {"model": "course_selector.course", "pk": 70, "fields": {"name": "Network and Security - Applications", "course_type": 1, "course_number": "C178", "description": "Network and Security - Applications prepares students for the CompTIA Security+ certification exam.\r\nSuccessfully completing the course ensures the student will demonstrate the knowledge and skills required to install and configure systems to secure applications, networks, and devices; perform threat analysis and respond with appropriate mitigation techniques; participate in risk mitigation activities;\r\nand operate with an awareness of applicable policies, laws, and regulations. The following course is a prerequisite: C480 Networks", "certificate_earned": 4, "comp_units": 4, "prereqs": [83]}}, {"model": "course_selector.course", "pk": 71, "fields": {"name": "Introduction to Programming in Python", "course_type": 1, "course_number": "C859", "description": "Introduction to Programming in Python provides the fundamentals of the Python language and its\r\nfeatures to control program flow and to manipulate data sets. This course teaches how to develop Python scripts that extract and manipulate data from unstructured data sources. Python libraries including acquisition and configuration are also covered. Scripting and Programming Foundations and Web Development Foundations are prerequisites to this course.", "certificate_earned": null, "comp_units": 3, "prereqs": [36, 9]}}, {"model": "course_selector.course", "pk": 72, "fields": {"name": "Database Server Administration", "course_type": 1, "course_number": "C755", "description": "This course covers the installation, configuration, and administration of database servers. Students will be\r\nintroduced to all the logical and physical components of a database server and learn to set up a server in a network environment. Tools and strategies for access and space management will be covered, as well as backup, restoration, and upgrade techniques.", "certificate_earned": null, "comp_units": 6, "prereqs": []}}, {"model": "course_selector.course", "pk": 73, "fields": {"name": "Introduction to Data Science", "course_type": 1, "course_number": "C749", "description": "C749 - - This course introduces the data analysis process and common statistical techniques necessary for the analysis of data. Students will ask questions that can be solved with a given data set, set up experiments, use statistics and data wrangling to test hypotheses, find ways to speed up their data analysis code, make their data set easier to access, and communicate their findings.", "certificate_earned": null, "comp_units": 4, "prereqs": []}}, {"model": "course_selector.course", "pk": 74, "fields": {"name": "Data Wrangling with MongoDB", "course_type": 1, "course_number": "C750", "description": "This course elaborates on concepts covered in Introduction to Data Science, helping to develop skills crucial to the field of data science and analysis. It explores how to wrangle data from diverse sources and shape it to enable data-driven applications\u2014a common activity in many data scientists' routine. Topics covered include gathering and extracting data from widely-used data formats, assessing the quality of data, and exploring best practices for data cleaning. This course also introduces MongoDB, covering the essentials of storing data and the MongoDB query language together with exploratory analysis using the MongoDB aggregation framework.", "certificate_earned": null, "comp_units": 3, "prereqs": []}}, {"model": "course_selector.course", "pk": 75, "fields": {"name": "Data Analysis with R", "course_type": 1, "course_number": "C751", "description": "This course focuses on exploratory data analysis (EDA) utilizing R. EDA is an approach for summarizing and visualizing the important characteristics of a data set. Exploratory data analysis focuses on exploring data to understand the data's underlying structure and variables to develop intuition about the data set, to consider how that data set came into existence, and to decide how it can be investigated with more formal statistical methods.", "certificate_earned": null, "comp_units": 2, "prereqs": []}}, {"model": "course_selector.course", "pk": 76, "fields": {"name": "Machine Learning", "course_type": 1, "course_number": "C753", "description": "This course presents the end-to-end process of investigating data through a machine learning lens. Topics covered include techniques for extracting data, identifying useful features that best represent data, a survey of commonly-used machine learning algorithms, and methods for evaluating the performance of machine learning algorithms.", "certificate_earned": null, "comp_units": 3, "prereqs": []}}, {"model": "course_selector.course", "pk": 77, "fields": {"name": "Data Visualization", "course_type": 1, "course_number": "C939", "description": "Data Visualization covers the application of design principles, human perception, color theory, and effective storytelling in the context of data visualization. It addresses presenting data to others and advancing technology with visualization tools, enabling data scientists to share their findings and support organizational decision-making processes. Additionally, this course focuses on how to visually encode and present data to an audience.", "certificate_earned": null, "comp_units": 2, "prereqs": []}}, {"model": "course_selector.course", "pk": 78, "fields": {"name": "Data Analytics", "course_type": 1, "course_number": "C756", "description": "This course covers the most common tools, techniques, and procedures involved in data analytics. Students will review all the disciplines involved with data analytics learned in previous courses and get a better understanding of how they all relate to one another.", "certificate_earned": null, "comp_units": 4, "prereqs": []}}, {"model": "course_selector.course", "pk": 79, "fields": {"name": "Desktop Virtualization", "course_type": 1, "course_number": "D086", "description": "Desktop Virtualization examines the skills and knowledge needed to effectively manage virtual desktop environments. Through practical application in virtual labs, students will gain hands-on experience for planning, deploying, and maintaining workstation virtualization, virtual storage, and networking solutions. Students learn how to choose appropriate hypervisor(s) for a given environment, isolate networks and applications, and improve portability and migration. This course provides students authentic learning opportunities for high demand virtualization skills.", "certificate_earned": null, "comp_units": 4, "prereqs": []}}, {"model": "course_selector.course", "pk": 80, "fields": {"name": "Data Center Virtualization", "course_type": 1, "course_number": "D087", "description": "Data Center Virtualization examines the skills and knowledge needed to effectively evaluate business needs for virtualized data centers and manage the network, storage, and server technology solutions. Through the use of immersive lab experiences, students gain practical experience in virtualizing physical servers in a data center facility along with storage, networking and other infrastructure devices and\r\nequipment. Students learn how to virtualize and manage data centers. This course provides students hands-on learning opportunities for high demand data center virtualization skills", "certificate_earned": null, "comp_units": 4, "prereqs": []}}, {"model": "course_selector.course", "pk": 81, "fields": {"name": "Cloud Foundations", "course_type": 1, "course_number": "C849", "description": "More and more companies are shifting to a cloud computing model of doing business. The Cloud Foundations course focuses on the real-world issues and practical solutions of cloud computing in business and IT. Competency in this course will be demonstrated by the successful completion of the CompTIA Cloud Essentials certification exam.", "certificate_earned": 15, "comp_units": 3, "prereqs": []}}, {"model": "course_selector.course", "pk": 82, "fields": {"name": "Scripting and Automation", "course_type": 1, "course_number": "C916", "description": "Scripting and Automation is the foundation for automating tasks in operating systems. Students will learn how to create PowerShell scripts that take tedious and repetitious tasks and turn them into programs that will save time. Students will learn PowerShell, an automation and configuration management tool based on a command-line shell and .NET Framework.", "certificate_earned": null, "comp_units": 2, "prereqs": []}}, {"model": "course_selector.course", "pk": 83, "fields": {"name": "Cloud Platform Solutions", "course_type": 1, "course_number": "D084", "description": "Cloud Platform Solutions examines the skills and knowledge students need to configure cloud storage, security, networking, compute resources through PowerShell, command line interface, and the Azure portal. Students will learn how to manage Azure resources; configure and manage storage; configure and manage virtual machines and networks; and manage identities using tools such as Azure Active Directory (AD) join, Azure AD objects, and hybrid identities through Azure AD Connect. The following courses are prerequisites: Network and Security - Foundations, Network and Security - Applications, Networks, and Cloud Applications.", "certificate_earned": null, "comp_units": 3, "prereqs": [70, 34, 48]}}, {"model": "course_selector.course", "pk": 84, "fields": {"name": "Cloud Architecture", "course_type": 1, "course_number": "D088", "description": "D088 - - Cloud Architecture examines the skills and knowledge needed to effectively manage structured cloud environments. Through practical application in virtual labs, students will gain hands-on experience for planning and deploying system design and monitoring, as well as performance tuning solutions. Students learn how to choose appropriate core networking service configurations for a given environment, implement authorization and authentication processes, and ensure cloud security. This course provides students authentic learning opportunities for high demand cloud configuration and management skills.", "certificate_earned": null, "comp_units": 3, "prereqs": []}}, {"model": "course_selector.course", "pk": 85, "fields": {"name": "Cloud Deployment and Operations", "course_type": 1, "course_number": "C924", "description": "- Cloud Deployment and Operations - Cloud Deployment and Operations provides students with the technical skills in deployment, management, and operations of cloud services. This course allows students to examine stability and scalability, backup and recovery processes, and deployment best practices. Provisioning of cloud resources, monitoring of cloud resources, and managing connectivity are also examined. Competency in this course is demonstrated by successfully completing the Amazon Web Services (AWS) Certified SysOps Administrator - Associate certification exam. The following courses are prerequisites: Cloud Applications (C923).", "certificate_earned": 17, "comp_units": 3, "prereqs": [51]}}, {"model": "course_selector.course", "pk": 86, "fields": {"name": "Automation and Scaling Tools", "course_type": 1, "course_number": "D085", "description": "Automation and Scaling Tools examines the skills and knowledge needed to effectively write scripts for tools to monitor system and network resources. Through practical application in labs, students will gain hands-on experience for planning, deploying, and maintaining scalable and elastic design, system monitoring, and performance tuning solutions. Students will learn how to identify common constraints\r\nand performance considerations, configure monitoring tools to efficiently balance system resources for a given environment, and ensure appropriate systematic response. This course provides students authentic learning opportunities for high-demand skills related to system automation and scaling.", "certificate_earned": null, "comp_units": 3, "prereqs": []}}, {"model": "course_selector.degree", "pk": 1, "fields": {"name": "Computer Science", "description": "A computer science degree is where it all begins. Computer science is transforming our world. Its effects are felt in every industry and benefit every life. From medicine to manufacturing, entertainment to engineering, the technology that defines our global society began in the brain of a computer scientist.\r\n\r\nA B.S. Computer Science degree online from WGU will prepare you to make your mark on the technologies of tomorrow. Once you've earned this computer science degree, you'll be ready to apply your knowledge and skills to design, develop, and optimize systems that can meet current and future industry needs.", "link": "https://www.wgu.edu/online-it-degrees/computer-science.html", "school": 1, "degree_type": "B.S.", "courses": [6, 16, 20, 17, 35, 40, 22, 23, 43, 44, 37, 38, 5, 15, 45, 7, 46, 4, 12, 10, 1, 39, 34, 24, 19, 36, 25, 41, 42, 31, 33, 21, 9], "earned_certifications": [7, 3, 6, 5]}}, {"model": "course_selector.degree", "pk": 2, "fields": {"name": "Information Technology", "description": "Increase your earning potential, job security, and opportunities for advancement by earning your bachelor\u2019s degree in information technology. In addition to providing a solid foundation in computer information systems and technologies, this degree program includes multiple industry-recognized certifications, such as CompTIA and CIW. These certifications are built in to the degree program and do not add time or additional costs\u2014but do add to your r\u00e9sum\u00e9 as soon as you've earned them, even before you complete your degree! \r\n\r\nDesigned with input from industry experts, the B.S. Information Technology degree program is composed of five primary areas of study: systems and services, networking and security, scripting and programming, data management, and the business of IT.", "link": "https://www.wgu.edu/online-it-degrees/information-technology-bachelors-program.html", "school": 1, "degree_type": "B.S.", "courses": [6, 18, 16, 20, 17, 51, 3, 22, 23, 54, 5, 15, 47, 14, 13, 50, 7, 4, 12, 10, 1, 53, 39, 34, 48, 26, 52, 36, 49, 21, 27, 9], "earned_certifications": [9, 7, 8, 2, 15, 29, 1, 3, 30, 4, 6, 18]}}, {"model": "course_selector.degree", "pk": 3, "fields": {"name": "Software Development", "description": "Software developers are the creative and technical geniuses behind the applications and programs we can\u2019t live without. Earning your bachelor\u2019s degree in software development can increase your earning potential and opportunities for advancement and help you build a future as a developer on the cutting edge of technology. This program provides a solid foundation in computer programming, web development, and application development. It includes multiple industry-recognized certifications from CompTIA and CIW built in to the curriculum.\r\n\r\nThis program is all about making you an outstanding software developer at the enterprise level. It is presented in two tracks for you to choose from, allowing you to become fluent in either Java or C#. Whichever track you choose, the end result is the same: You will know how to program.\r\n\r\nIf you are unsure which track you want to follow, bear in mind that both languages top industry growth lists, and both will be highly valuable in your career. What\u2019s more, learning any programming language lays the groundwork for you to learn other languages in the future, just like learning your third spoken language is much easier than learning your second.\r\n\r\nBut as a general rule of thumb, C# is a smart choice for those who want to work in big tech centers, like Seattle, Silicon Valley, Boston, or New York. Large enterprises that use Microsoft infrastructure need developers who are fluent in C#. Meanwhile, Java is an extensively used language, supported by a wide range of devices\u2014not only computers and phones but also smart appliances and Internet-connected vehicles.", "link": "https://www.wgu.edu/online-it-degrees/software-development-bachelors-program.html", "school": 1, "degree_type": "B.S.", "courses": [6, 18, 16, 20, 17, 3, 22, 23, 5, 15, 14, 13, 7, 4, 12, 10, 1, 32, 34, 24, 26, 36, 25, 2, 30, 31, 33, 21, 29, 28, 27, 9], "earned_certifications": [9, 7, 8, 2, 3, 6, 5]}}, {"model": "course_selector.degree", "pk": 12, "fields": {"name": "Cybersecurity & Information Assurance", "description": "To meet an increasing demand for cybersecurity professionals, the Bachelor of Science in Cybersecurity and Information Assurance (BSCSIA) degree program prepares IT professionals to apply knowledge and experience in risk management and digital forensics to safeguard infrastructure and secure data through continuity planning and disaster recovery operations. Courses deliver proven methods for information security using software analysis techniques, web engineering, cloud management, and networking strategies to prevent, detect, and mitigate cyberattacks. This program features nationally recognized, high demand certifications in the field of cybersecurity.", "link": "https://www.wgu.edu/online-it-degrees/cybersecurity-information-assurance-bachelors-program.html", "school": 1, "degree_type": "B.S.", "courses": [6, 18, 16, 20, 17, 3, 62, 22, 23, 60, 5, 15, 45, 14, 63, 13, 57, 4, 56, 12, 10, 1, 58, 59, 55, 61, 70, 34, 48, 36, 21, 9], "earned_certifications": [2, 1, 3, 4, 13, 12, 11]}}, {"model": "course_selector.degree", "pk": 13, "fields": {"name": "Network Operations and Security", "description": "The demand is high for network operations and security professionals. With WGU\u2019s online bachelor\u2019s degree in network operations and security, you\u2019ll gain the additional knowledge and skills you need\u2014and the credentials to prove them\u2014to turn that demand into career success. Designed for IT professionals seeking to leverage their network experience and grow their knowledge of the cloud to become network administration and IT security management experts, this program also includes 12 sought-after industry certifications\u2014certifications that will boost your r\u00e9sum\u00e9 as soon as you've earned them, even before you complete your WGU degree.\r\n\r\nEarning your B.S. Network Operations and Security degree will set your IT career in motion. This program will help you develop the latest network design, network operations, and security management skills. You will become an expert network administration and security manager.", "link": "https://www.wgu.edu/online-it-degrees/network-administration-information-technology-security-bachelors-program.html", "school": 1, "degree_type": "B.S.", "courses": [6, 18, 16, 20, 17, 51, 22, 68, 54, 5, 69, 15, 65, 14, 63, 13, 7, 66, 64, 4, 12, 10, 1, 53, 39, 67, 70, 34, 48, 26, 52, 36, 49, 21, 9], "earned_certifications": [17, 7, 10, 2, 29, 1, 3, 4, 6, 18]}}, {"model": "course_selector.degree", "pk": 14, "fields": {"name": "Data Management & Analytics", "description": "In addition to increasing your earning potential and opportunities for advancement, earning your bachelor\u2019s degree in data management/data analytics also puts you right at the center of turning raw data into usable information. This degree program provides a solid background in database management, as well as applications in data wrangling, analysis, and visualization. It includes multiple industry-recognized certifications from such organizations as Oracle, CompTIA, and CIW. These IT certifications are built into the curriculum and do not add time or cost to your degree program\u2014certifications that will boost your r\u00e9sum\u00e9 as soon as you've earned them, even before you complete your WGU degree. \r\n\r\nAnd, you'll earn a Udacity Nanodegree! The technical skills you'll accumulate in the courses leading to this credential will be invaluable in your career\u2014but that's not the only benefit. Udacity Nanodegree holders enjoy ongoing support from Udacity that includes employment placement, r\u00e9sum\u00e9 support, networking and LinkedIn guidance, etc. Earning your Udacity Nanodegree as part of your WGU B.S. Data Management/Data Analytics program entitles you to all the benefits offered by Udacity\u2014all without adding any cost or time to your degree program. \r\n\r\nCertifications, a nanodegree, and a bachelor's degree add up to make you a well-rounded graduate with the latest technical skills, the \"soft skills\" you'll need to thrive professionally, and ongoing post-graduation career support.", "link": "https://www.wgu.edu/online-it-degrees/data-management-analytics-bachelors-program.html", "school": 1, "degree_type": "B.S.", "courses": [6, 18, 16, 20, 17, 3, 75, 78, 22, 23, 43, 77, 74, 72, 5, 14, 63, 13, 7, 4, 73, 12, 10, 1, 71, 76, 39, 34, 48, 19, 36, 49, 33, 21, 9], "earned_certifications": [27, 7, 2, 29, 1, 3, 4, 20, 5, 19]}}, {"model": "course_selector.degree", "pk": 15, "fields": {"name": "Cloud and Systems Administration", "description": "High demand for system administrators makes now the perfect time to build your r\u00e9sum\u00e9 with certifications and a bachelor\u2019s degree in cloud and system administration. WGU\u2019s online B.S. Cloud and Systems Administration degree program will arm you with the skills you need to turn your experience and passion for technology into an administration IT career\u2014and the certifications and credentials that prove your expertise.\r\n\r\nWhen you complete this program, not only will you have your bachelor\u2019s degree, but you will also have completed an impressive suite of industry certifications, including the Amazon AWS SysOps Administration-Associate\u2014all included in your low tuition and incorporated right into your coursework! Earning certs on the path to your degree gives you knowledge, skills, and credentials that will boost your r\u00e9sum\u00e9 right away, even before you complete your degree program.", "link": "https://www.wgu.edu/online-it-degrees/systems-cloud-administration-bachelors-program.html", "school": 1, "degree_type": "B.S.", "courses": [6, 18, 16, 86, 20, 17, 51, 84, 85, 81, 83, 80, 22, 79, 54, 5, 15, 14, 63, 13, 7, 64, 4, 56, 12, 10, 1, 71, 53, 39, 70, 34, 48, 82, 36, 25, 21, 9], "earned_certifications": [17, 7, 2, 15, 16, 1, 3, 4, 6, 18]}}, {"model": "admin.logentry", "pk": 1, "fields": {"action_time": "2019-10-09T21:00:22.992Z", "user": ["ec"], "content_type": ["course_selector", "course"], "object_id": "1", "object_repr": "Course object (1)", "action_flag": 1, "change_message": "[{\"added\": {}}]"}}, {"model": "admin.logentry", "pk": 2, "fields": {"action_time": "2019-10-09T21:02:13.976Z", "user": ["ec"], "content_type": ["course_selector", "degree"], "object_id": "1", "object_repr": "Computer Science", "action_flag": 1, "change_message": "[{\"added\": {}}]"}}, {"model": "admin.logentry", "pk": 3, "fields": {"action_time": "2019-10-09T21:02:49.351Z", "user": ["ec"], "content_type": ["course_selector", "degree"], "object_id": "2", "object_repr": "Information Technology", "action_flag": 1, "change_message": "[{\"added\": {}}]"}}, {"model": "admin.logentry", "pk": 4, "fields": {"action_time": "2019-10-09T21:03:17.819Z", "user": ["ec"], "content_type": ["course_selector", "course"], "object_id": "2", "object_repr": "Software I", "action_flag": 1, "change_message": "[{\"added\": {}}]"}}, {"model": "admin.logentry", "pk": 5, "fields": {"action_time": "2019-10-09T21:03:51.539Z", "user": ["ec"], "content_type": ["course_selector", "degree"], "object_id": "3", "object_repr": "Software Development", "action_flag": 1, "change_message": "[{\"added\": {}}]"}}, {"model": "admin.logentry", "pk": 6, "fields": {"action_time": "2019-10-09T21:04:05.684Z", "user": ["ec"], "content_type": ["course_selector", "degree"], "object_id": "1", "object_repr": "Computer Science", "action_flag": 2, "change_message": "[{\"changed\": {\"fields\": [\"courses\"]}}]"}}, {"model": "admin.logentry", "pk": 7, "fields": {"action_time": "2019-10-09T21:22:24.650Z", "user": ["ec"], "content_type": ["course_selector", "course"], "object_id": "2", "object_repr": "Software I", "action_flag": 2, "change_message": "[]"}}, {"model": "admin.logentry", "pk": 8, "fields": {"action_time": "2019-10-09T21:35:31.157Z", "user": ["ec"], "content_type": ["course_selector", "course"], "object_id": "2", "object_repr": "Software I", "action_flag": 2, "change_message": "[{\"changed\": {\"fields\": [\"comp_units\"]}}]"}}, {"model": "admin.logentry", "pk": 9, "fields": {"action_time": "2019-10-10T02:31:51.738Z", "user": ["ec"], "content_type": ["course_selector", "course"], "object_id": "3", "object_repr": "Critical Thinking and Logic", "action_flag": 1, "change_message": "[{\"added\": {}}]"}}, {"model": "admin.logentry", "pk": 10, "fields": {"action_time": "2019-10-10T02:33:14.031Z", "user": ["ec"], "content_type": ["course_selector", "course"], "object_id": "4", "object_repr": "Introduction to Communication", "action_flag": 1, "change_message": "[{\"added\": {}}]"}}, {"model": "admin.logentry", "pk": 11, "fields": {"action_time": "2019-10-10T02:34:02.072Z", "user": ["ec"], "content_type": ["course_selector", "course"], "object_id": "1", "object_repr": "Intro to IT", "action_flag": 2, "change_message": "[{\"changed\": {\"fields\": [\"description\", \"course_number\", \"comp_units\"]}}]"}}, {"model": "admin.logentry", "pk": 12, "fields": {"action_time": "2019-10-10T02:35:29.600Z", "user": ["ec"], "content_type": ["course_selector", "course"], "object_id": "2", "object_repr": "Software I -- C#", "action_flag": 2, "change_message": "[{\"changed\": {\"fields\": [\"name\", \"description\", \"course_number\"]}}]"}}, {"model": "admin.logentry", "pk": 13, "fields": {"action_time": "2019-10-10T02:37:41.496Z", "user": ["ec"], "content_type": ["course_selector", "course"], "object_id": "5", "object_repr": "English Composition I", "action_flag": 1, "change_message": "[{\"added\": {}}]"}}, {"model": "admin.logentry", "pk": 14, "fields": {"action_time": "2019-10-10T02:39:56.753Z", "user": ["ec"], "content_type": ["course_selector", "course"], "object_id": "6", "object_repr": "American Politics and the US Constitution", "action_flag": 1, "change_message": "[{\"added\": {}}]"}}, {"model": "admin.logentry", "pk": 15, "fields": {"action_time": "2019-10-10T02:41:02.864Z", "user": ["ec"], "content_type": ["course_selector", "course"], "object_id": "7", "object_repr": "Integrated Physical Science", "action_flag": 1, "change_message": "[{\"added\": {}}]"}}, {"model": "admin.logentry", "pk": 16, "fields": {"action_time": "2019-10-10T02:42:32.805Z", "user": ["ec"], "content_type": ["course_selector", "course"], "object_id": "8", "object_repr": "Scripting and Programming Foundations", "action_flag": 1, "change_message": "[{\"added\": {}}]"}}, {"model": "admin.logentry", "pk": 17, "fields": {"action_time": "2019-10-10T02:44:42.248Z", "user": ["ec"], "content_type": ["course_selector", "course"], "object_id": "1", "object_repr": "Introduction to IT", "action_flag": 2, "change_message": "[{\"changed\": {\"fields\": [\"name\"]}}]"}}, {"model": "admin.logentry", "pk": 18, "fields": {"action_time": "2019-10-10T02:45:36.480Z", "user": ["ec"], "content_type": ["course_selector", "course"], "object_id": "9", "object_repr": "Web Development Foundations", "action_flag": 1, "change_message": "[{\"added\": {}}]"}}, {"model": "admin.logentry", "pk": 19, "fields": {"action_time": "2019-10-10T02:46:44.485Z", "user": ["ec"], "content_type": ["course_selector", "course"], "object_id": "10", "object_repr": "Introduction to Humanities", "action_flag": 1, "change_message": "[{\"added\": {}}]"}}, {"model": "admin.logentry", "pk": 20, "fields": {"action_time": "2019-10-10T02:47:29.407Z", "user": ["ec"], "content_type": ["course_selector", "course"], "object_id": "11", "object_repr": "Network and Security Foundations", "action_flag": 1, "change_message": "[{\"added\": {}}]"}}, {"model": "admin.logentry", "pk": 21, "fields": {"action_time": "2019-10-10T02:49:40.039Z", "user": ["ec"], "content_type": ["course_selector", "course"], "object_id": "12", "object_repr": "Introduction to Geography", "action_flag": 1, "change_message": "[{\"added\": {}}]"}}, {"model": "admin.logentry", "pk": 22, "fields": {"action_time": "2019-10-10T02:50:50.043Z", "user": ["ec"], "content_type": ["course_selector", "course"], "object_id": "13", "object_repr": "IT Foundations", "action_flag": 1, "change_message": "[{\"added\": {}}]"}}, {"model": "admin.logentry", "pk": 23, "fields": {"action_time": "2019-10-10T04:08:05.200Z", "user": ["ec"], "content_type": ["course_selector", "degree"], "object_id": "2", "object_repr": "Information Technology", "action_flag": 2, "change_message": "[{\"changed\": {\"fields\": [\"degree_type\"]}}]"}}, {"model": "admin.logentry", "pk": 24, "fields": {"action_time": "2019-10-10T04:08:15.206Z", "user": ["ec"], "content_type": ["course_selector", "degree"], "object_id": "2", "object_repr": "Information Technology", "action_flag": 2, "change_message": "[{\"changed\": {\"fields\": [\"degree_type\"]}}]"}}, {"model": "admin.logentry", "pk": 25, "fields": {"action_time": "2019-10-10T04:14:33.722Z", "user": ["ec"], "content_type": ["course_selector", "course"], "object_id": "14", "object_repr": "C394 IT Applications", "action_flag": 1, "change_message": "[{\"added\": {}}]"}}, {"model": "admin.logentry", "pk": 26, "fields": {"action_time": "2019-10-10T04:15:26.146Z", "user": ["ec"], "content_type": ["course_selector", "course"], "object_id": "15", "object_repr": "C961 Ethics in Technology", "action_flag": 1, "change_message": "[{\"added\": {}}]"}}, {"model": "admin.logentry", "pk": 27, "fields": {"action_time": "2019-10-10T04:16:23.085Z", "user": ["ec"], "content_type": ["course_selector", "course"], "object_id": "16", "object_repr": "C955 Applied Probability and Statistics", "action_flag": 1, "change_message": "[{\"added\": {}}]"}}, {"model": "admin.logentry", "pk": 28, "fields": {"action_time": "2019-10-10T04:19:03.369Z", "user": ["ec"], "content_type": ["course_selector", "course"], "object_id": "17", "object_repr": "C176 Business of IT -- Project Management", "action_flag": 1, "change_message": "[{\"added\": {}}]"}}, {"model": "admin.logentry", "pk": 29, "fields": {"action_time": "2019-10-10T04:20:08.227Z", "user": ["ec"], "content_type": ["course_selector", "course"], "object_id": "18", "object_repr": "C957 Applied Algebra", "action_flag": 1, "change_message": "[{\"added\": {}}]"}}, {"model": "admin.logentry", "pk": 30, "fields": {"action_time": "2019-10-10T04:21:35.587Z", "user": ["ec"], "content_type": ["course_selector", "course"], "object_id": "19", "object_repr": "C867 Scripting and Programming -- Applications", "action_flag": 1, "change_message": "[{\"added\": {}}]"}}, {"model": "admin.logentry", "pk": 31, "fields": {"action_time": "2019-10-10T04:22:40.672Z", "user": ["ec"], "content_type": ["course_selector", "course"], "object_id": "20", "object_repr": "C846 Business of IT -- Applications", "action_flag": 1, "change_message": "[{\"added\": {}}]"}}, {"model": "admin.logentry", "pk": 32, "fields": {"action_time": "2019-10-10T04:23:33.750Z", "user": ["ec"], "content_type": ["course_selector", "course"], "object_id": "21", "object_repr": "C948 Technical Communication", "action_flag": 1, "change_message": "[{\"added\": {}}]"}}, {"model": "admin.logentry", "pk": 33, "fields": {"action_time": "2019-10-10T04:25:09.468Z", "user": ["ec"], "content_type": ["course_selector", "course"], "object_id": "22", "object_repr": "C175 Data Management -- Foundations", "action_flag": 1, "change_message": "[{\"added\": {}}]"}}, {"model": "admin.logentry", "pk": 34, "fields": {"action_time": "2019-10-10T04:26:09.871Z", "user": ["ec"], "content_type": ["course_selector", "course"], "object_id": "23", "object_repr": "C170 Data Management --- Applications", "action_flag": 1, "change_message": "[{\"added\": {}}]"}}, {"model": "admin.logentry", "pk": 35, "fields": {"action_time": "2019-10-10T04:27:05.163Z", "user": ["ec"], "content_type": ["course_selector", "course"], "object_id": "24", "object_repr": "C191 Operating Systems for Programmers", "action_flag": 1, "change_message": "[{\"added\": {}}]"}}, {"model": "admin.logentry", "pk": 36, "fields": {"action_time": "2019-10-10T04:28:12.643Z", "user": ["ec"], "content_type": ["course_selector", "course"], "object_id": "25", "object_repr": "C188 Software Engineering", "action_flag": 1, "change_message": "[{\"added\": {}}]"}}, {"model": "admin.logentry", "pk": 37, "fields": {"action_time": "2019-10-10T04:29:49.811Z", "user": ["ec"], "content_type": ["course_selector", "course"], "object_id": "26", "object_repr": "C484 Organizational Behavior and Leadership", "action_flag": 1, "change_message": "[{\"added\": {}}]"}}, {"model": "admin.logentry", "pk": 38, "fields": {"action_time": "2019-10-10T04:30:39.681Z", "user": ["ec"], "content_type": ["course_selector", "course"], "object_id": "27", "object_repr": "C777 Web Development Applications", "action_flag": 1, "change_message": "[{\"added\": {}}]"}}, {"model": "admin.logentry", "pk": 39, "fields": {"action_time": "2019-10-10T04:32:56.557Z", "user": ["ec"], "content_type": ["course_selector", "course"], "object_id": "28", "object_repr": "C773 User Interface Design", "action_flag": 1, "change_message": "[{\"added\": {}}]"}}, {"model": "admin.logentry", "pk": 40, "fields": {"action_time": "2019-10-10T04:33:51.446Z", "user": ["ec"], "content_type": ["course_selector", "course"], "object_id": "29", "object_repr": "C856 User Experience Design", "action_flag": 1, "change_message": "[{\"added\": {}}]"}}, {"model": "admin.logentry", "pk": 41, "fields": {"action_time": "2019-10-10T04:35:21.317Z", "user": ["ec"], "content_type": ["course_selector", "course"], "object_id": "30", "object_repr": "C969 Software II - C#", "action_flag": 1, "change_message": "[{\"added\": {}}]"}}, {"model": "admin.logentry", "pk": 42, "fields": {"action_time": "2019-10-10T04:37:15.470Z", "user": ["ec"], "content_type": ["course_selector", "course"], "object_id": "31", "object_repr": "C Software Quality Assurance", "action_flag": 1, "change_message": "[{\"added\": {}}]"}}, {"model": "admin.logentry", "pk": 43, "fields": {"action_time": "2019-10-10T04:37:41.034Z", "user": ["ec"], "content_type": ["course_selector", "course"], "object_id": "31", "object_repr": "C857 Software Quality Assurance", "action_flag": 2, "change_message": "[{\"changed\": {\"fields\": [\"course_number\"]}}]"}}, {"model": "admin.logentry", "pk": 44, "fields": {"action_time": "2019-10-10T04:39:25.171Z", "user": ["ec"], "content_type": ["course_selector", "course"], "object_id": "32", "object_repr": "C971 Mobile Application Development", "action_flag": 1, "change_message": "[{\"added\": {}}]"}}, {"model": "admin.logentry", "pk": 45, "fields": {"action_time": "2019-10-10T04:40:12.699Z", "user": ["ec"], "content_type": ["course_selector", "course"], "object_id": "33", "object_repr": "C993 Structured Query Language", "action_flag": 1, "change_message": "[{\"added\": {}}]"}}, {"model": "admin.logentry", "pk": 46, "fields": {"action_time": "2019-10-10T04:43:19.983Z", "user": ["ec"], "content_type": ["course_selector", "course"], "object_id": "34", "object_repr": "C172 Network and Security -- Foundations", "action_flag": 1, "change_message": "[{\"added\": {}}]"}}, {"model": "admin.logentry", "pk": 47, "fields": {"action_time": "2019-10-10T04:44:06.639Z", "user": ["ec"], "content_type": ["course_selector", "course"], "object_id": "35", "object_repr": "C282 Calculus I", "action_flag": 1, "change_message": "[{\"added\": {}}]"}}, {"model": "admin.logentry", "pk": 48, "fields": {"action_time": "2019-10-10T04:45:52.647Z", "user": ["ec"], "content_type": ["course_selector", "course"], "object_id": "36", "object_repr": "C173 Scripting and Programming -- Foundations", "action_flag": 1, "change_message": "[{\"added\": {}}]"}}, {"model": "admin.logentry", "pk": 49, "fields": {"action_time": "2019-10-10T04:46:11.683Z", "user": ["ec"], "content_type": ["course_selector", "course"], "object_id": "8", "object_repr": "C173 Scripting and Programming Foundations", "action_flag": 3, "change_message": ""}}, {"model": "admin.logentry", "pk": 50, "fields": {"action_time": "2019-10-10T04:47:38.635Z", "user": ["ec"], "content_type": ["course_selector", "course"], "object_id": "37", "object_repr": "C959 Discrete Mathematics I", "action_flag": 1, "change_message": "[{\"added\": {}}]"}}, {"model": "admin.logentry", "pk": 51, "fields": {"action_time": "2019-10-10T04:47:52.659Z", "user": ["ec"], "content_type": ["course_selector", "course"], "object_id": "11", "object_repr": "C172 Network and Security Foundations", "action_flag": 3, "change_message": ""}}, {"model": "admin.logentry", "pk": 52, "fields": {"action_time": "2019-10-10T04:49:15.980Z", "user": ["ec"], "content_type": ["course_selector", "course"], "object_id": "38", "object_repr": "C960 Discrete Mathematics II", "action_flag": 1, "change_message": "[{\"added\": {}}]"}}, {"model": "admin.logentry", "pk": 53, "fields": {"action_time": "2019-10-10T04:50:11.453Z", "user": ["ec"], "content_type": ["course_selector", "course"], "object_id": "39", "object_repr": "C683 Natural Science Lab", "action_flag": 1, "change_message": "[{\"added\": {}}]"}}, {"model": "admin.logentry", "pk": 54, "fields": {"action_time": "2019-10-10T04:51:10.873Z", "user": ["ec"], "content_type": ["course_selector", "course"], "object_id": "40", "object_repr": "C952 Computer Architecture", "action_flag": 1, "change_message": "[{\"added\": {}}]"}}, {"model": "admin.logentry", "pk": 55, "fields": {"action_time": "2019-10-10T04:53:43.180Z", "user": ["ec"], "content_type": ["course_selector", "course"], "object_id": "41", "object_repr": "C482 Software I -- Java", "action_flag": 1, "change_message": "[{\"added\": {}}]"}}, {"model": "admin.logentry", "pk": 56, "fields": {"action_time": "2019-10-10T04:55:01.891Z", "user": ["ec"], "content_type": ["course_selector", "course"], "object_id": "42", "object_repr": "C195 Software II -- Java", "action_flag": 1, "change_message": "[{\"added\": {}}]"}}, {"model": "admin.logentry", "pk": 57, "fields": {"action_time": "2019-10-10T04:56:16.621Z", "user": ["ec"], "content_type": ["course_selector", "course"], "object_id": "43", "object_repr": "C949 Data Structures and Algorithms", "action_flag": 1, "change_message": "[{\"added\": {}}]"}}, {"model": "admin.logentry", "pk": 58, "fields": {"action_time": "2019-10-10T04:57:50.408Z", "user": ["ec"], "content_type": ["course_selector", "course"], "object_id": "44", "object_repr": "C950 Data Structures and Algorithms II", "action_flag": 1, "change_message": "[{\"added\": {}}]"}}, {"model": "admin.logentry", "pk": 59, "fields": {"action_time": "2019-10-10T04:58:42.125Z", "user": ["ec"], "content_type": ["course_selector", "course"], "object_id": "45", "object_repr": "C836 Fundamentals of Information Security", "action_flag": 1, "change_message": "[{\"added\": {}}]"}}, {"model": "admin.logentry", "pk": 60, "fields": {"action_time": "2019-10-10T05:00:05.552Z", "user": ["ec"], "content_type": ["course_selector", "course"], "object_id": "46", "object_repr": "C Introduction to Artificial Intelligence", "action_flag": 1, "change_message": "[{\"added\": {}}]"}}, {"model": "admin.logentry", "pk": 61, "fields": {"action_time": "2019-10-10T05:00:17.970Z", "user": ["ec"], "content_type": ["course_selector", "course"], "object_id": "46", "object_repr": "C951 Introduction to Artificial Intelligence", "action_flag": 2, "change_message": "[{\"changed\": {\"fields\": [\"course_number\"]}}]"}}, {"model": "admin.logentry", "pk": 62, "fields": {"action_time": "2019-10-10T05:06:46.420Z", "user": ["ec"], "content_type": ["course_selector", "course"], "object_id": "47", "object_repr": "QTT2 Finite Mathematics", "action_flag": 1, "change_message": "[{\"added\": {}}]"}}, {"model": "admin.logentry", "pk": 63, "fields": {"action_time": "2019-10-10T05:08:02.488Z", "user": ["ec"], "content_type": ["course_selector", "course"], "object_id": "48", "object_repr": "C480 Networks", "action_flag": 1, "change_message": "[{\"added\": {}}]"}}, {"model": "admin.logentry", "pk": 64, "fields": {"action_time": "2019-10-10T05:08:49.813Z", "user": ["ec"], "content_type": ["course_selector", "course"], "object_id": "49", "object_repr": "C268 Spreadsheets", "action_flag": 1, "change_message": "[{\"added\": {}}]"}}, {"model": "admin.logentry", "pk": 65, "fields": {"action_time": "2019-10-10T05:10:32.558Z", "user": ["ec"], "content_type": ["course_selector", "course"], "object_id": "50", "object_repr": "C724 Information Systems Management", "action_flag": 1, "change_message": "[{\"added\": {}}]"}}, {"model": "admin.logentry", "pk": 66, "fields": {"action_time": "2019-10-10T05:12:07.412Z", "user": ["ec"], "content_type": ["course_selector", "course"], "object_id": "51", "object_repr": "C849 Cloud Foundations", "action_flag": 1, "change_message": "[{\"added\": {}}]"}}, {"model": "admin.logentry", "pk": 67, "fields": {"action_time": "2019-10-10T05:13:10.482Z", "user": ["ec"], "content_type": ["course_selector", "course"], "object_id": "52", "object_repr": "C483 Principles of Management", "action_flag": 1, "change_message": "[{\"added\": {}}]"}}, {"model": "admin.logentry", "pk": 68, "fields": {"action_time": "2019-10-10T05:14:04.772Z", "user": ["ec"], "content_type": ["course_selector", "course"], "object_id": "53", "object_repr": "C851 Linux Foundations", "action_flag": 1, "change_message": "[{\"added\": {}}]"}}, {"model": "admin.logentry", "pk": 69, "fields": {"action_time": "2019-10-10T05:15:08.299Z", "user": ["ec"], "content_type": ["course_selector", "course"], "object_id": "54", "object_repr": "C850 Emerging Technologies", "action_flag": 1, "change_message": "[{\"added\": {}}]"}}, {"model": "admin.logentry", "pk": 70, "fields": {"action_time": "2019-10-10T22:27:53.002Z", "user": ["ec"], "content_type": ["course_selector", "course"], "object_id": "10", "object_repr": "C100 Introduction to Humanities", "action_flag": 2, "change_message": "[{\"changed\": {\"fields\": [\"description\"]}}]"}}, {"model": "admin.logentry", "pk": 71, "fields": {"action_time": "2019-10-10T22:30:33.224Z", "user": ["ec"], "content_type": ["course_selector", "certification"], "object_id": "1", "object_repr": "Network+", "action_flag": 1, "change_message": "[{\"added\": {}}]"}}, {"model": "admin.logentry", "pk": 72, "fields": {"action_time": "2019-10-10T22:30:40.199Z", "user": ["ec"], "content_type": ["course_selector", "certification"], "object_id": "2", "object_repr": "A+", "action_flag": 1, "change_message": "[{\"added\": {}}]"}}, {"model": "admin.logentry", "pk": 73, "fields": {"action_time": "2019-10-10T22:30:46.686Z", "user": ["ec"], "content_type": ["course_selector", "certification"], "object_id": "3", "object_repr": "Project+", "action_flag": 1, "change_message": "[{\"added\": {}}]"}}, {"model": "admin.logentry", "pk": 74, "fields": {"action_time": "2019-10-10T22:31:02.670Z", "user": ["ec"], "content_type": ["course_selector", "certification"], "object_id": "4", "object_repr": "Security+", "action_flag": 1, "change_message": "[{\"added\": {}}]"}}, {"model": "admin.logentry", "pk": 75, "fields": {"action_time": "2019-10-10T22:31:27.179Z", "user": ["ec"], "content_type": ["course_selector", "degree"], "object_id": "2", "object_repr": "B.S. Information Technology", "action_flag": 2, "change_message": "[{\"changed\": {\"fields\": [\"earned_certifications\"]}}]"}}, {"model": "admin.logentry", "pk": 76, "fields": {"action_time": "2019-10-10T23:37:10.063Z", "user": ["ec"], "content_type": ["course_selector", "degree"], "object_id": "2", "object_repr": "B.S. Information Technology", "action_flag": 2, "change_message": "[{\"changed\": {\"fields\": [\"link\"]}}]"}}, {"model": "admin.logentry", "pk": 77, "fields": {"action_time": "2019-10-10T23:39:11.963Z", "user": ["ec"], "content_type": ["course_selector", "degree"], "object_id": "3", "object_repr": "B.S. Software Development", "action_flag": 2, "change_message": "[{\"changed\": {\"fields\": [\"courses\", \"earned_certifications\", \"link\"]}}]"}}, {"model": "admin.logentry", "pk": 78, "fields": {"action_time": "2019-10-10T23:44:41.371Z", "user": ["ec"], "content_type": ["course_selector", "degree"], "object_id": "1", "object_repr": "B.S. Computer Science", "action_flag": 2, "change_message": "[{\"changed\": {\"fields\": [\"courses\"]}}]"}}, {"model": "admin.logentry", "pk": 79, "fields": {"action_time": "2019-10-10T23:45:09.025Z", "user": ["ec"], "content_type": ["course_selector", "degree"], "object_id": "1", "object_repr": "B.S. Computer Science", "action_flag": 2, "change_message": "[{\"changed\": {\"fields\": [\"link\"]}}]"}}, {"model": "admin.logentry", "pk": 80, "fields": {"action_time": "2019-10-11T00:49:30.049Z", "user": ["ec"], "content_type": ["course_selector", "certification"], "object_id": "5", "object_repr": "Oracle Database SQL", "action_flag": 1, "change_message": "[{\"added\": {}}]"}}, {"model": "admin.logentry", "pk": 81, "fields": {"action_time": "2019-10-11T00:49:58Z", "user": ["ec"], "content_type": ["course_selector", "certification"], "object_id": "6", "object_repr": "ITIL Foundation", "action_flag": 1, "change_message": "[{\"added\": {}}]"}}, {"model": "admin.logentry", "pk": 82, "fields": {"action_time": "2019-10-11T00:50:08.097Z", "user": ["ec"], "content_type": ["course_selector", "certification"], "object_id": "7", "object_repr": "CIW Site Developer", "action_flag": 1, "change_message": "[{\"added\": {}}]"}}, {"model": "admin.logentry", "pk": 83, "fields": {"action_time": "2019-10-11T00:50:16.367Z", "user": ["ec"], "content_type": ["course_selector", "degree"], "object_id": "3", "object_repr": "B.S. Software Development", "action_flag": 2, "change_message": "[{\"changed\": {\"fields\": [\"courses\", \"earned_certifications\"]}}]"}}, {"model": "admin.logentry", "pk": 84, "fields": {"action_time": "2019-10-11T00:50:46.602Z", "user": ["ec"], "content_type": ["course_selector", "certification"], "object_id": "2", "object_repr": "CompTIA A+", "action_flag": 2, "change_message": "[{\"changed\": {\"fields\": [\"name\"]}}]"}}, {"model": "admin.logentry", "pk": 85, "fields": {"action_time": "2019-10-11T00:50:57.947Z", "user": ["ec"], "content_type": ["course_selector", "certification"], "object_id": "1", "object_repr": "CompTIA Network+", "action_flag": 2, "change_message": "[{\"changed\": {\"fields\": [\"name\"]}}]"}}, {"model": "admin.logentry", "pk": 86, "fields": {"action_time": "2019-10-11T00:51:07.448Z", "user": ["ec"], "content_type": ["course_selector", "certification"], "object_id": "3", "object_repr": "CompTIA Project+", "action_flag": 2, "change_message": "[{\"changed\": {\"fields\": [\"name\"]}}]"}}, {"model": "admin.logentry", "pk": 87, "fields": {"action_time": "2019-10-11T00:51:15.158Z", "user": ["ec"], "content_type": ["course_selector", "certification"], "object_id": "4", "object_repr": "CompTIA Security+", "action_flag": 2, "change_message": "[{\"changed\": {\"fields\": [\"name\"]}}]"}}, {"model": "admin.logentry", "pk": 88, "fields": {"action_time": "2019-10-11T00:51:46.349Z", "user": ["ec"], "content_type": ["course_selector", "certification"], "object_id": "7", "object_repr": "CIW Site Developer Associate", "action_flag": 2, "change_message": "[{\"changed\": {\"fields\": [\"name\"]}}]"}}, {"model": "admin.logentry", "pk": 89, "fields": {"action_time": "2019-10-11T00:52:04.752Z", "user": ["ec"], "content_type": ["course_selector", "certification"], "object_id": "8", "object_repr": "CIW User Interface Designer", "action_flag": 1, "change_message": "[{\"added\": {}}]"}}, {"model": "admin.logentry", "pk": 90, "fields": {"action_time": "2019-10-11T00:52:21.880Z", "user": ["ec"], "content_type": ["course_selector", "certification"], "object_id": "9", "object_repr": "CIW Advanced HTML5 and CSS Specialist", "action_flag": 1, "change_message": "[{\"added\": {}}]"}}, {"model": "admin.logentry", "pk": 91, "fields": {"action_time": "2019-10-11T00:52:57.162Z", "user": ["ec"], "content_type": ["course_selector", "certification"], "object_id": "10", "object_repr": "Cisco Certified Network Associate", "action_flag": 1, "change_message": "[{\"added\": {}}]"}}, {"model": "admin.logentry", "pk": 92, "fields": {"action_time": "2019-10-11T00:53:10.048Z", "user": ["ec"], "content_type": ["course_selector", "certification"], "object_id": "10", "object_repr": "Cisco Certified Network Associate (CCNA)", "action_flag": 2, "change_message": "[{\"changed\": {\"fields\": [\"name\"]}}]"}}, {"model": "admin.logentry", "pk": 93, "fields": {"action_time": "2019-10-11T01:00:59.926Z", "user": ["ec"], "content_type": ["course_selector", "degree"], "object_id": "1", "object_repr": "B.S. Computer Science", "action_flag": 2, "change_message": "[{\"changed\": {\"fields\": [\"courses\"]}}]"}}, {"model": "admin.logentry", "pk": 94, "fields": {"action_time": "2019-10-11T01:06:35.576Z", "user": ["ec"], "content_type": ["course_selector", "degree"], "object_id": "2", "object_repr": "B.S. Information Technology", "action_flag": 2, "change_message": "[{\"changed\": {\"fields\": [\"courses\"]}}]"}}, {"model": "admin.logentry", "pk": 95, "fields": {"action_time": "2019-10-11T01:08:23.474Z", "user": ["ec"], "content_type": ["course_selector", "degree"], "object_id": "2", "object_repr": "B.S. Information Technology", "action_flag": 2, "change_message": "[]"}}, {"model": "admin.logentry", "pk": 96, "fields": {"action_time": "2019-10-11T03:09:41.525Z", "user": ["ec"], "content_type": ["course_selector", "course"], "object_id": "33", "object_repr": "C993 Structured Query Language", "action_flag": 2, "change_message": "[{\"changed\": {\"fields\": [\"certificate_earned\"]}}]"}}, {"model": "admin.logentry", "pk": 97, "fields": {"action_time": "2019-10-11T03:09:53.869Z", "user": ["ec"], "content_type": ["course_selector", "course"], "object_id": "48", "object_repr": "C480 Networks", "action_flag": 2, "change_message": "[{\"changed\": {\"fields\": [\"certificate_earned\"]}}]"}}, {"model": "admin.logentry", "pk": 98, "fields": {"action_time": "2019-10-11T03:10:04.377Z", "user": ["ec"], "content_type": ["course_selector", "course"], "object_id": "17", "object_repr": "C176 Business of IT -- Project Management", "action_flag": 2, "change_message": "[{\"changed\": {\"fields\": [\"certificate_earned\"]}}]"}}, {"model": "admin.logentry", "pk": 99, "fields": {"action_time": "2019-10-11T03:10:18.762Z", "user": ["ec"], "content_type": ["course_selector", "course"], "object_id": "14", "object_repr": "C394 IT Applications", "action_flag": 2, "change_message": "[{\"changed\": {\"fields\": [\"certificate_earned\"]}}]"}}, {"model": "admin.logentry", "pk": 100, "fields": {"action_time": "2019-10-11T03:10:48.703Z", "user": ["ec"], "content_type": ["course_selector", "course"], "object_id": "13", "object_repr": "C393 IT Foundations", "action_flag": 2, "change_message": "[{\"changed\": {\"fields\": [\"certificate_earned\"]}}]"}}, {"model": "admin.logentry", "pk": 101, "fields": {"action_time": "2019-10-11T03:11:32.964Z", "user": ["ec"], "content_type": ["course_selector", "course"], "object_id": "20", "object_repr": "C846 Business of IT -- Applications", "action_flag": 2, "change_message": "[{\"changed\": {\"fields\": [\"certificate_earned\"]}}]"}}, {"model": "admin.logentry", "pk": 102, "fields": {"action_time": "2019-10-11T03:12:00.697Z", "user": ["ec"], "content_type": ["course_selector", "course"], "object_id": "9", "object_repr": "C779 Web Development Foundations", "action_flag": 2, "change_message": "[{\"changed\": {\"fields\": [\"description\"]}}]"}}, {"model": "admin.logentry", "pk": 103, "fields": {"action_time": "2019-10-12T18:48:58.462Z", "user": ["ec"], "content_type": ["course_selector", "degree"], "object_id": "3", "object_repr": "B.S. Software Development", "action_flag": 2, "change_message": "[{\"changed\": {\"fields\": [\"description\"]}}]"}}, {"model": "admin.logentry", "pk": 104, "fields": {"action_time": "2019-10-12T18:49:54.348Z", "user": ["ec"], "content_type": ["course_selector", "degree"], "object_id": "1", "object_repr": "B.S. Computer Science", "action_flag": 2, "change_message": "[{\"changed\": {\"fields\": [\"description\"]}}]"}}, {"model": "admin.logentry", "pk": 105, "fields": {"action_time": "2019-10-12T18:50:30.289Z", "user": ["ec"], "content_type": ["course_selector", "degree"], "object_id": "2", "object_repr": "B.S. Information Technology", "action_flag": 2, "change_message": "[{\"changed\": {\"fields\": [\"description\"]}}]"}}, {"model": "admin.logentry", "pk": 106, "fields": {"action_time": "2019-10-16T04:38:58.667Z", "user": ["ec"], "content_type": ["course_selector", "degree"], "object_id": "11", "object_repr": "B.S. ", "action_flag": 3, "change_message": ""}}, {"model": "admin.logentry", "pk": 107, "fields": {"action_time": "2019-10-16T04:38:58.670Z", "user": ["ec"], "content_type": ["course_selector", "degree"], "object_id": "10", "object_repr": "B.S. ", "action_flag": 3, "change_message": ""}}, {"model": "admin.logentry", "pk": 108, "fields": {"action_time": "2019-10-16T04:38:58.672Z", "user": ["ec"], "content_type": ["course_selector", "degree"], "object_id": "9", "object_repr": "B.S. ", "action_flag": 3, "change_message": ""}}, {"model": "admin.logentry", "pk": 109, "fields": {"action_time": "2019-10-16T04:38:58.673Z", "user": ["ec"], "content_type": ["course_selector", "degree"], "object_id": "8", "object_repr": "B.S. ", "action_flag": 3, "change_message": ""}}, {"model": "admin.logentry", "pk": 110, "fields": {"action_time": "2019-10-16T04:38:58.675Z", "user": ["ec"], "content_type": ["course_selector", "degree"], "object_id": "7", "object_repr": "B.S. ", "action_flag": 3, "change_message": ""}}, {"model": "admin.logentry", "pk": 111, "fields": {"action_time": "2019-10-16T04:38:58.677Z", "user": ["ec"], "content_type": ["course_selector", "degree"], "object_id": "6", "object_repr": "B.S. ", "action_flag": 3, "change_message": ""}}, {"model": "admin.logentry", "pk": 112, "fields": {"action_time": "2019-10-16T04:38:58.679Z", "user": ["ec"], "content_type": ["course_selector", "degree"], "object_id": "5", "object_repr": "B.S. ", "action_flag": 3, "change_message": ""}}, {"model": "admin.logentry", "pk": 113, "fields": {"action_time": "2019-10-16T04:38:58.681Z", "user": ["ec"], "content_type": ["course_selector", "degree"], "object_id": "4", "object_repr": "B.S. ", "action_flag": 3, "change_message": ""}}, {"model": "admin.logentry", "pk": 114, "fields": {"action_time": "2019-10-18T20:28:45.549Z", "user": ["ec"], "content_type": ["course_selector", "degree"], "object_id": "12", "object_repr": "B.S. Cybersecurity & Information Assurance", "action_flag": 1, "change_message": "[{\"added\": {}}]"}}, {"model": "admin.logentry", "pk": 115, "fields": {"action_time": "2019-10-18T20:29:35.588Z", "user": ["ec"], "content_type": ["course_selector", "degree"], "object_id": "12", "object_repr": "B.S. Cybersecurity & Information Assurance", "action_flag": 2, "change_message": "[{\"changed\": {\"fields\": [\"courses\"]}}]"}}, {"model": "admin.logentry", "pk": 116, "fields": {"action_time": "2019-10-18T20:32:54.079Z", "user": ["ec"], "content_type": ["course_selector", "certification"], "object_id": "11", "object_repr": "Web Security Associate (CIW WSA)", "action_flag": 1, "change_message": "[{\"added\": {}}]"}}, {"model": "admin.logentry", "pk": 117, "fields": {"action_time": "2019-10-18T20:33:27.814Z", "user": ["ec"], "content_type": ["course_selector", "course"], "object_id": "55", "object_repr": "C837 Managing Information Security", "action_flag": 1, "change_message": "[{\"added\": {}}]"}}, {"model": "admin.logentry", "pk": 118, "fields": {"action_time": "2019-10-18T20:50:35.693Z", "user": ["ec"], "content_type": ["course_selector", "degree"], "object_id": "12", "object_repr": "B.S. Cybersecurity & Information Assurance", "action_flag": 2, "change_message": "[{\"changed\": {\"fields\": [\"courses\", \"earned_certifications\"]}}]"}}, {"model": "admin.logentry", "pk": 119, "fields": {"action_time": "2019-10-19T04:43:20.476Z", "user": ["ec"], "content_type": ["course_selector", "course"], "object_id": "56", "object_repr": "C839 Introduction to Cryptography", "action_flag": 1, "change_message": "[{\"added\": {}}]"}}, {"model": "admin.logentry", "pk": 120, "fields": {"action_time": "2019-10-19T04:46:24.194Z", "user": ["ec"], "content_type": ["course_selector", "certification"], "object_id": "12", "object_repr": "Systems Security Certified Practitioner (ISC2 SSCP)", "action_flag": 1, "change_message": "[{\"added\": {}}]"}}, {"model": "admin.logentry", "pk": 121, "fields": {"action_time": "2019-10-19T04:46:34.110Z", "user": ["ec"], "content_type": ["course_selector", "course"], "object_id": "57", "object_repr": "C845 Information Systems Security", "action_flag": 1, "change_message": "[{\"added\": {}}]"}}, {"model": "admin.logentry", "pk": 122, "fields": {"action_time": "2019-10-19T04:47:55.364Z", "user": ["ec"], "content_type": ["course_selector", "course"], "object_id": "58", "object_repr": "C841 Legal Issues in Information Security", "action_flag": 1, "change_message": "[{\"added\": {}}]"}}, {"model": "admin.logentry", "pk": 123, "fields": {"action_time": "2019-10-19T04:49:07.946Z", "user": ["ec"], "content_type": ["course_selector", "course"], "object_id": "59", "object_repr": "C838 Managing Cloud Security", "action_flag": 1, "change_message": "[{\"added\": {}}]"}}, {"model": "admin.logentry", "pk": 124, "fields": {"action_time": "2019-10-19T04:50:50.246Z", "user": ["ec"], "content_type": ["course_selector", "course"], "object_id": "60", "object_repr": "C844 Emerging Technologies in Cybersecurity", "action_flag": 1, "change_message": "[{\"added\": {}}]"}}, {"model": "admin.logentry", "pk": 125, "fields": {"action_time": "2019-10-19T04:51:36.595Z", "user": ["ec"], "content_type": ["course_selector", "course"], "object_id": "61", "object_repr": "C843 Managing Information Security", "action_flag": 1, "change_message": "[{\"added\": {}}]"}}, {"model": "admin.logentry", "pk": 126, "fields": {"action_time": "2019-10-19T04:53:41.900Z", "user": ["ec"], "content_type": ["course_selector", "certification"], "object_id": "13", "object_repr": "Cyber Defense and Countermeasures", "action_flag": 1, "change_message": "[{\"added\": {}}]"}}, {"model": "admin.logentry", "pk": 127, "fields": {"action_time": "2019-10-19T04:53:52.841Z", "user": ["ec"], "content_type": ["course_selector", "course"], "object_id": "62", "object_repr": "C842 Cyber Defense and Countermeasures", "action_flag": 1, "change_message": "[{\"added\": {}}]"}}, {"model": "admin.logentry", "pk": 128, "fields": {"action_time": "2019-10-19T04:55:24.509Z", "user": ["ec"], "content_type": ["course_selector", "course"], "object_id": "63", "object_repr": "C769 IT Capstone Written Project", "action_flag": 1, "change_message": "[{\"added\": {}}]"}}, {"model": "admin.logentry", "pk": 129, "fields": {"action_time": "2019-10-19T04:59:22.439Z", "user": ["ec"], "content_type": ["course_selector", "degree"], "object_id": "12", "object_repr": "B.S. Cybersecurity & Information Assurance", "action_flag": 2, "change_message": "[{\"changed\": {\"fields\": [\"courses\", \"earned_certifications\"]}}]"}}, {"model": "admin.logentry", "pk": 130, "fields": {"action_time": "2019-10-19T04:59:58.974Z", "user": ["ec"], "content_type": ["course_selector", "certification"], "object_id": "13", "object_repr": "EC-Council Certified Incident Handler v2", "action_flag": 2, "change_message": "[{\"changed\": {\"fields\": [\"name\"]}}]"}}, {"model": "admin.logentry", "pk": 131, "fields": {"action_time": "2019-10-19T05:01:19.704Z", "user": ["ec"], "content_type": ["course_selector", "degree"], "object_id": "12", "object_repr": "B.S. Cybersecurity & Information Assurance", "action_flag": 2, "change_message": "[{\"changed\": {\"fields\": [\"earned_certifications\"]}}]"}}, {"model": "admin.logentry", "pk": 132, "fields": {"action_time": "2019-10-19T05:05:51.118Z", "user": ["ec"], "content_type": ["course_selector", "course"], "object_id": "64", "object_repr": "C190 Introduction to Biology", "action_flag": 1, "change_message": "[{\"added\": {}}]"}}, {"model": "admin.logentry", "pk": 133, "fields": {"action_time": "2019-10-19T05:09:14.139Z", "user": ["ec"], "content_type": ["course_selector", "certification"], "object_id": "14", "object_repr": "Cisco Certified Networking Associate (CCNA)", "action_flag": 1, "change_message": "[{\"added\": {}}]"}}, {"model": "admin.logentry", "pk": 134, "fields": {"action_time": "2019-10-19T05:09:56.628Z", "user": ["ec"], "content_type": ["course_selector", "certification"], "object_id": "14", "object_repr": "Cisco Certified Networking Associate (CCNA)", "action_flag": 2, "change_message": "[]"}}, {"model": "admin.logentry", "pk": 135, "fields": {"action_time": "2019-10-19T05:10:09.425Z", "user": ["ec"], "content_type": ["course_selector", "course"], "object_id": "65", "object_repr": "C246 Fundamentals of Interconnecting Network Devices", "action_flag": 1, "change_message": "[{\"added\": {}}]"}}, {"model": "admin.logentry", "pk": 136, "fields": {"action_time": "2019-10-19T05:11:03.013Z", "user": ["ec"], "content_type": ["course_selector", "course"], "object_id": "66", "object_repr": "C247 Interconnecting Network Devices", "action_flag": 1, "change_message": "[{\"added\": {}}]"}}, {"model": "admin.logentry", "pk": 137, "fields": {"action_time": "2019-10-19T05:12:38.172Z", "user": ["ec"], "content_type": ["course_selector", "course"], "object_id": "67", "object_repr": "C917 Network Design Foundations", "action_flag": 1, "change_message": "[{\"added\": {}}]"}}, {"model": "admin.logentry", "pk": 138, "fields": {"action_time": "2019-10-19T05:13:59.989Z", "user": ["ec"], "content_type": ["course_selector", "course"], "object_id": "68", "object_repr": "C299 Designing Customized Security", "action_flag": 1, "change_message": "[{\"added\": {}}]"}}, {"model": "admin.logentry", "pk": 139, "fields": {"action_time": "2019-10-19T05:16:51.288Z", "user": ["ec"], "content_type": ["course_selector", "degree"], "object_id": "13", "object_repr": "B.S. Network Operations and Security", "action_flag": 1, "change_message": "[{\"added\": {}}]"}}, {"model": "admin.logentry", "pk": 140, "fields": {"action_time": "2019-10-19T05:18:10.794Z", "user": ["ec"], "content_type": ["course_selector", "course"], "object_id": "69", "object_repr": "C456 English Composition II", "action_flag": 1, "change_message": "[{\"added\": {}}]"}}, {"model": "admin.logentry", "pk": 141, "fields": {"action_time": "2019-10-19T05:19:42.430Z", "user": ["ec"], "content_type": ["course_selector", "degree"], "object_id": "13", "object_repr": "B.S. Network Operations and Security", "action_flag": 2, "change_message": "[{\"changed\": {\"fields\": [\"courses\"]}}]"}}, {"model": "admin.logentry", "pk": 142, "fields": {"action_time": "2019-10-19T05:22:00.590Z", "user": ["ec"], "content_type": ["course_selector", "course"], "object_id": "70", "object_repr": "C178 Network and Security - Applications", "action_flag": 1, "change_message": "[{\"added\": {}}]"}}, {"model": "admin.logentry", "pk": 143, "fields": {"action_time": "2019-10-19T05:25:37.963Z", "user": ["ec"], "content_type": ["course_selector", "degree"], "object_id": "12", "object_repr": "B.S. Cybersecurity & Information Assurance", "action_flag": 2, "change_message": "[{\"changed\": {\"fields\": [\"courses\"]}}]"}}, {"model": "admin.logentry", "pk": 144, "fields": {"action_time": "2019-10-19T05:28:08.167Z", "user": ["ec"], "content_type": ["course_selector", "degree"], "object_id": "13", "object_repr": "B.S. Network Operations and Security", "action_flag": 2, "change_message": "[{\"changed\": {\"fields\": [\"courses\"]}}]"}}, {"model": "admin.logentry", "pk": 145, "fields": {"action_time": "2019-10-19T05:28:44.152Z", "user": ["ec"], "content_type": ["course_selector", "degree"], "object_id": "13", "object_repr": "B.S. Network Operations and Security", "action_flag": 2, "change_message": "[{\"changed\": {\"fields\": [\"courses\"]}}]"}}, {"model": "admin.logentry", "pk": 146, "fields": {"action_time": "2019-10-26T19:31:11.153Z", "user": ["ec"], "content_type": ["course_selector", "school"], "object_id": "1", "object_repr": "School object (1)", "action_flag": 1, "change_message": "[{\"added\": {}}]"}}, {"model": "admin.logentry", "pk": 147, "fields": {"action_time": "2019-10-26T19:31:17.778Z", "user": ["ec"], "content_type": ["course_selector", "school"], "object_id": "2", "object_repr": "School object (2)", "action_flag": 1, "change_message": "[{\"added\": {}}]"}}, {"model": "admin.logentry", "pk": 148, "fields": {"action_time": "2019-10-26T19:31:54.659Z", "user": ["ec"], "content_type": ["course_selector", "school"], "object_id": "2", "object_repr": "School object (2)", "action_flag": 2, "change_message": "[{\"changed\": {\"fields\": [\"name\"]}}]"}}, {"model": "admin.logentry", "pk": 149, "fields": {"action_time": "2019-10-26T19:32:00.019Z", "user": ["ec"], "content_type": ["course_selector", "school"], "object_id": "3", "object_repr": "School object (3)", "action_flag": 1, "change_message": "[{\"added\": {}}]"}}, {"model": "admin.logentry", "pk": 150, "fields": {"action_time": "2019-10-26T19:33:08.155Z", "user": ["ec"], "content_type": ["course_selector", "school"], "object_id": "4", "object_repr": "Health & Nursing", "action_flag": 1, "change_message": "[{\"added\": {}}]"}}, {"model": "admin.logentry", "pk": 151, "fields": {"action_time": "2019-10-26T19:33:29.452Z", "user": ["ec"], "content_type": ["course_selector", "degree"], "object_id": "1", "object_repr": "B.S. Computer Science", "action_flag": 2, "change_message": "[{\"changed\": {\"fields\": [\"school\"]}}]"}}, {"model": "admin.logentry", "pk": 152, "fields": {"action_time": "2019-10-26T19:33:40.067Z", "user": ["ec"], "content_type": ["course_selector", "degree"], "object_id": "13", "object_repr": "B.S. Network Operations and Security", "action_flag": 2, "change_message": "[{\"changed\": {\"fields\": [\"school\"]}}]"}}, {"model": "admin.logentry", "pk": 153, "fields": {"action_time": "2019-10-26T19:33:49.221Z", "user": ["ec"], "content_type": ["course_selector", "degree"], "object_id": "12", "object_repr": "B.S. Cybersecurity & Information Assurance", "action_flag": 2, "change_message": "[{\"changed\": {\"fields\": [\"school\"]}}]"}}, {"model": "admin.logentry", "pk": 154, "fields": {"action_time": "2019-10-26T19:33:58.327Z", "user": ["ec"], "content_type": ["course_selector", "degree"], "object_id": "3", "object_repr": "B.S. Software Development", "action_flag": 2, "change_message": "[{\"changed\": {\"fields\": [\"school\"]}}]"}}, {"model": "admin.logentry", "pk": 155, "fields": {"action_time": "2019-10-26T19:34:13.453Z", "user": ["ec"], "content_type": ["course_selector", "degree"], "object_id": "2", "object_repr": "B.S. Information Technology", "action_flag": 2, "change_message": "[{\"changed\": {\"fields\": [\"school\"]}}]"}}, {"model": "admin.logentry", "pk": 156, "fields": {"action_time": "2019-10-27T16:28:02.174Z", "user": ["ec"], "content_type": ["course_selector", "certification"], "object_id": "9", "object_repr": "CIW Advanced HTML5 and CSS Specialist", "action_flag": 2, "change_message": "[{\"changed\": {\"fields\": [\"link\"]}}]"}}, {"model": "admin.logentry", "pk": 157, "fields": {"action_time": "2019-10-27T16:28:54.267Z", "user": ["ec"], "content_type": ["course_selector", "certification"], "object_id": "8", "object_repr": "CIW User Interface Designer", "action_flag": 2, "change_message": "[{\"changed\": {\"fields\": [\"link\"]}}]"}}, {"model": "admin.logentry", "pk": 158, "fields": {"action_time": "2019-10-27T16:29:24.538Z", "user": ["ec"], "content_type": ["course_selector", "certification"], "object_id": "7", "object_repr": "CIW Site Developer Associate", "action_flag": 2, "change_message": "[{\"changed\": {\"fields\": [\"link\"]}}]"}}, {"model": "admin.logentry", "pk": 159, "fields": {"action_time": "2019-10-27T16:29:42.443Z", "user": ["ec"], "content_type": ["course_selector", "certification"], "object_id": "6", "object_repr": "ITIL Foundation", "action_flag": 2, "change_message": "[{\"changed\": {\"fields\": [\"link\"]}}]"}}, {"model": "admin.logentry", "pk": 160, "fields": {"action_time": "2019-10-27T16:30:01.706Z", "user": ["ec"], "content_type": ["course_selector", "certification"], "object_id": "5", "object_repr": "Oracle Database SQL", "action_flag": 2, "change_message": "[{\"changed\": {\"fields\": [\"link\"]}}]"}}, {"model": "admin.logentry", "pk": 161, "fields": {"action_time": "2019-10-27T16:30:19.126Z", "user": ["ec"], "content_type": ["course_selector", "certification"], "object_id": "4", "object_repr": "CompTIA Security+", "action_flag": 2, "change_message": "[{\"changed\": {\"fields\": [\"link\"]}}]"}}, {"model": "admin.logentry", "pk": 162, "fields": {"action_time": "2019-10-27T16:30:35.322Z", "user": ["ec"], "content_type": ["course_selector", "certification"], "object_id": "3", "object_repr": "CompTIA Project+", "action_flag": 2, "change_message": "[{\"changed\": {\"fields\": [\"link\"]}}]"}}, {"model": "admin.logentry", "pk": 163, "fields": {"action_time": "2019-10-27T16:30:50.644Z", "user": ["ec"], "content_type": ["course_selector", "certification"], "object_id": "2", "object_repr": "CompTIA A+", "action_flag": 2, "change_message": "[{\"changed\": {\"fields\": [\"link\"]}}]"}}, {"model": "admin.logentry", "pk": 164, "fields": {"action_time": "2019-10-27T16:31:04.637Z", "user": ["ec"], "content_type": ["course_selector", "certification"], "object_id": "1", "object_repr": "CompTIA Network+", "action_flag": 2, "change_message": "[{\"changed\": {\"fields\": [\"link\"]}}]"}}, {"model": "admin.logentry", "pk": 165, "fields": {"action_time": "2019-10-27T18:06:08.434Z", "user": ["ec"], "content_type": ["course_selector", "degree"], "object_id": "14", "object_repr": "B.S. Data Management & Analytics", "action_flag": 1, "change_message": "[{\"added\": {}}]"}}, {"model": "admin.logentry", "pk": 166, "fields": {"action_time": "2019-10-27T18:08:47.938Z", "user": ["ec"], "content_type": ["course_selector", "course"], "object_id": "71", "object_repr": "C859 Introduction to Programming in Python", "action_flag": 1, "change_message": "[{\"added\": {}}]"}}, {"model": "admin.logentry", "pk": 167, "fields": {"action_time": "2019-10-27T18:09:57.821Z", "user": ["ec"], "content_type": ["course_selector", "course"], "object_id": "72", "object_repr": "C755 Database Server Administration", "action_flag": 1, "change_message": "[{\"added\": {}}]"}}, {"model": "admin.logentry", "pk": 168, "fields": {"action_time": "2019-10-27T18:11:12.520Z", "user": ["ec"], "content_type": ["course_selector", "course"], "object_id": "73", "object_repr": "C749 Introduction to Data Science", "action_flag": 1, "change_message": "[{\"added\": {}}]"}}, {"model": "admin.logentry", "pk": 169, "fields": {"action_time": "2019-10-27T18:12:07.850Z", "user": ["ec"], "content_type": ["course_selector", "course"], "object_id": "74", "object_repr": "C750 Data Wrangling with MongoDB", "action_flag": 1, "change_message": "[{\"added\": {}}]"}}, {"model": "admin.logentry", "pk": 170, "fields": {"action_time": "2019-10-27T18:13:48.932Z", "user": ["ec"], "content_type": ["course_selector", "course"], "object_id": "75", "object_repr": "C751 Data Analysis with R", "action_flag": 1, "change_message": "[{\"added\": {}}]"}}, {"model": "admin.logentry", "pk": 171, "fields": {"action_time": "2019-10-27T18:14:35.615Z", "user": ["ec"], "content_type": ["course_selector", "course"], "object_id": "76", "object_repr": "C753 Machine Learning", "action_flag": 1, "change_message": "[{\"added\": {}}]"}}, {"model": "admin.logentry", "pk": 172, "fields": {"action_time": "2019-10-27T18:15:29.036Z", "user": ["ec"], "content_type": ["course_selector", "course"], "object_id": "77", "object_repr": "C939 Data Visualization", "action_flag": 1, "change_message": "[{\"added\": {}}]"}}, {"model": "admin.logentry", "pk": 173, "fields": {"action_time": "2019-10-27T18:16:19.291Z", "user": ["ec"], "content_type": ["course_selector", "course"], "object_id": "78", "object_repr": "C756 Data Analytics", "action_flag": 1, "change_message": "[{\"added\": {}}]"}}, {"model": "admin.logentry", "pk": 174, "fields": {"action_time": "2019-10-27T18:21:39.294Z", "user": ["ec"], "content_type": ["course_selector", "degree"], "object_id": "14", "object_repr": "B.S. Data Management & Analytics", "action_flag": 2, "change_message": "[{\"changed\": {\"fields\": [\"courses\"]}}]"}}, {"model": "admin.logentry", "pk": 175, "fields": {"action_time": "2019-10-27T18:24:24.730Z", "user": ["ec"], "content_type": ["course_selector", "degree"], "object_id": "14", "object_repr": "B.S. Data Management & Analytics", "action_flag": 2, "change_message": "[{\"changed\": {\"fields\": [\"earned_certifications\"]}}]"}}, {"model": "admin.logentry", "pk": 176, "fields": {"action_time": "2019-10-27T22:59:33.993Z", "user": ["ec"], "content_type": ["auth", "user"], "object_id": "2", "object_repr": "guest", "action_flag": 1, "change_message": "[{\"added\": {}}]"}}, {"model": "admin.logentry", "pk": 177, "fields": {"action_time": "2019-10-27T23:01:33.648Z", "user": ["ec"], "content_type": ["auth", "user"], "object_id": "2", "object_repr": "guest_mod", "action_flag": 2, "change_message": "[{\"changed\": {\"fields\": [\"username\", \"is_staff\", \"user_permissions\"]}}]"}}, {"model": "admin.logentry", "pk": 178, "fields": {"action_time": "2019-10-27T23:01:55.502Z", "user": ["ec"], "content_type": ["auth", "user"], "object_id": "1", "object_repr": "ec", "action_flag": 2, "change_message": "[{\"changed\": {\"fields\": [\"email\"]}}]"}}, {"model": "admin.logentry", "pk": 179, "fields": {"action_time": "2019-10-27T23:19:23.032Z", "user": ["ec"], "content_type": ["course_selector", "course"], "object_id": "79", "object_repr": "D086 Desktop Virtualization", "action_flag": 1, "change_message": "[{\"added\": {}}]"}}, {"model": "admin.logentry", "pk": 180, "fields": {"action_time": "2019-10-27T23:21:00.940Z", "user": ["ec"], "content_type": ["course_selector", "course"], "object_id": "80", "object_repr": "D087 Data Center Virtualization", "action_flag": 1, "change_message": "[{\"added\": {}}]"}}, {"model": "admin.logentry", "pk": 181, "fields": {"action_time": "2019-10-27T23:23:18.057Z", "user": ["ec"], "content_type": ["course_selector", "certification"], "object_id": "15", "object_repr": "CompTIA Cloud Essentials", "action_flag": 1, "change_message": "[{\"added\": {}}]"}}, {"model": "admin.logentry", "pk": 182, "fields": {"action_time": "2019-10-27T23:23:28.305Z", "user": ["ec"], "content_type": ["course_selector", "course"], "object_id": "81", "object_repr": "C849 Cloud Foundations", "action_flag": 1, "change_message": "[{\"added\": {}}]"}}, {"model": "admin.logentry", "pk": 183, "fields": {"action_time": "2019-10-27T23:26:19.535Z", "user": ["ec"], "content_type": ["course_selector", "certification"], "object_id": "16", "object_repr": "CompTIA Cloud+", "action_flag": 1, "change_message": "[{\"added\": {}}]"}}, {"model": "admin.logentry", "pk": 184, "fields": {"action_time": "2019-10-27T23:28:09.045Z", "user": ["ec"], "content_type": ["course_selector", "certification"], "object_id": "17", "object_repr": "AWS Certified SysOps Administrator Associate", "action_flag": 1, "change_message": "[{\"added\": {}}]"}}, {"model": "admin.logentry", "pk": 185, "fields": {"action_time": "2019-10-27T23:30:18.951Z", "user": ["ec"], "content_type": ["course_selector", "certification"], "object_id": "18", "object_repr": "LPI Linux Essentials", "action_flag": 1, "change_message": "[{\"added\": {}}]"}}, {"model": "admin.logentry", "pk": 186, "fields": {"action_time": "2019-10-27T23:37:13.678Z", "user": ["ec"], "content_type": ["course_selector", "course"], "object_id": "82", "object_repr": "C916 Scripting and Automation", "action_flag": 1, "change_message": "[{\"added\": {}}]"}}, {"model": "admin.logentry", "pk": 187, "fields": {"action_time": "2019-10-27T23:41:02.420Z", "user": ["ec"], "content_type": ["course_selector", "degree"], "object_id": "15", "object_repr": "B.S. Cloud and Systems", "action_flag": 1, "change_message": "[{\"added\": {}}]"}}, {"model": "admin.logentry", "pk": 188, "fields": {"action_time": "2019-10-27T23:42:50.496Z", "user": ["ec"], "content_type": ["course_selector", "course"], "object_id": "83", "object_repr": "D084 Cloud Platform Solutions", "action_flag": 1, "change_message": "[{\"added\": {}}]"}}, {"model": "admin.logentry", "pk": 189, "fields": {"action_time": "2019-10-27T23:42:55.551Z", "user": ["ec"], "content_type": ["course_selector", "degree"], "object_id": "15", "object_repr": "B.S. Cloud and Systems", "action_flag": 2, "change_message": "[{\"changed\": {\"fields\": [\"courses\"]}}]"}}, {"model": "admin.logentry", "pk": 190, "fields": {"action_time": "2019-10-27T23:44:06.930Z", "user": ["ec"], "content_type": ["course_selector", "course"], "object_id": "51", "object_repr": "C849 Cloud Applications", "action_flag": 2, "change_message": "[{\"changed\": {\"fields\": [\"name\", \"description\", \"certificate_earned\"]}}]"}}, {"model": "admin.logentry", "pk": 191, "fields": {"action_time": "2019-10-27T23:46:00.037Z", "user": ["ec"], "content_type": ["course_selector", "course"], "object_id": "84", "object_repr": "D088 Cloud Architecture", "action_flag": 1, "change_message": "[{\"added\": {}}]"}}, {"model": "admin.logentry", "pk": 192, "fields": {"action_time": "2019-10-27T23:47:05.465Z", "user": ["ec"], "content_type": ["course_selector", "course"], "object_id": "85", "object_repr": "C924 Cloud Deployment and Operations", "action_flag": 1, "change_message": "[{\"added\": {}}]"}}, {"model": "admin.logentry", "pk": 193, "fields": {"action_time": "2019-10-27T23:48:17.469Z", "user": ["ec"], "content_type": ["course_selector", "course"], "object_id": "86", "object_repr": "D085 Automation and Scaling Tools", "action_flag": 1, "change_message": "[{\"added\": {}}]"}}, {"model": "admin.logentry", "pk": 194, "fields": {"action_time": "2019-10-27T23:48:53.230Z", "user": ["ec"], "content_type": ["course_selector", "degree"], "object_id": "15", "object_repr": "B.S. Cloud and Systems", "action_flag": 2, "change_message": "[{\"changed\": {\"fields\": [\"courses\"]}}]"}}, {"model": "admin.logentry", "pk": 195, "fields": {"action_time": "2019-10-27T23:50:05.873Z", "user": ["ec"], "content_type": ["course_selector", "degree"], "object_id": "15", "object_repr": "B.S. Cloud and Systems", "action_flag": 2, "change_message": "[]"}}, {"model": "admin.logentry", "pk": 196, "fields": {"action_time": "2019-10-27T23:50:55.564Z", "user": ["ec"], "content_type": ["course_selector", "degree"], "object_id": "15", "object_repr": "B.S. Cloud and Systems Administration", "action_flag": 2, "change_message": "[{\"changed\": {\"fields\": [\"name\"]}}]"}}, {"model": "admin.logentry", "pk": 197, "fields": {"action_time": "2019-10-28T00:17:20.214Z", "user": ["ec"], "content_type": ["course_selector", "certification"], "object_id": "6", "object_repr": "ITIL Foundations", "action_flag": 2, "change_message": "[{\"changed\": {\"fields\": [\"name\"]}}]"}}, {"model": "admin.logentry", "pk": 198, "fields": {"action_time": "2019-10-28T00:22:02.563Z", "user": ["ec"], "content_type": ["course_selector", "degree"], "object_id": "1", "object_repr": "B.S. Computer Science", "action_flag": 2, "change_message": "[{\"changed\": {\"fields\": [\"earned_certifications\"]}}]"}}, {"model": "admin.logentry", "pk": 199, "fields": {"action_time": "2019-10-28T00:24:04.155Z", "user": ["ec"], "content_type": ["course_selector", "certification"], "object_id": "19", "object_repr": "Udacity Data Analyst Nanodegree", "action_flag": 1, "change_message": "[{\"added\": {}}]"}}, {"model": "admin.logentry", "pk": 200, "fields": {"action_time": "2019-10-28T00:24:13.251Z", "user": ["ec"], "content_type": ["course_selector", "degree"], "object_id": "14", "object_repr": "B.S. Data Management & Analytics", "action_flag": 2, "change_message": "[{\"changed\": {\"fields\": [\"earned_certifications\"]}}]"}}, {"model": "admin.logentry", "pk": 201, "fields": {"action_time": "2019-10-28T00:25:57.264Z", "user": ["ec"], "content_type": ["course_selector", "degree"], "object_id": "14", "object_repr": "B.S. Data Management & Analytics", "action_flag": 2, "change_message": "[]"}}, {"model": "admin.logentry", "pk": 202, "fields": {"action_time": "2019-10-28T00:26:20.625Z", "user": ["ec"], "content_type": ["course_selector", "certification"], "object_id": "20", "object_repr": "Oracle Database 12c: Administrator Certified Associate", "action_flag": 1, "change_message": "[{\"added\": {}}]"}}, {"model": "admin.logentry", "pk": 203, "fields": {"action_time": "2019-10-28T00:27:54.628Z", "user": ["ec"], "content_type": ["course_selector", "course"], "object_id": "65", "object_repr": "C246 Fundamentals of Interconnecting Network Devices", "action_flag": 2, "change_message": "[{\"changed\": {\"fields\": [\"certificate_earned\"]}}]"}}, {"model": "admin.logentry", "pk": 204, "fields": {"action_time": "2019-10-28T00:28:26.436Z", "user": ["ec"], "content_type": ["course_selector", "certification"], "object_id": "14", "object_repr": "Cisco Certified Networking Associate (CCNA)", "action_flag": 3, "change_message": ""}}, {"model": "admin.logentry", "pk": 205, "fields": {"action_time": "2019-10-28T00:31:15.409Z", "user": ["ec"], "content_type": ["course_selector", "certification"], "object_id": "21", "object_repr": "Certified Cloud Security Professional (CCSP) - Associate", "action_flag": 1, "change_message": "[{\"added\": {}}]"}}, {"model": "admin.logentry", "pk": 206, "fields": {"action_time": "2019-10-28T00:32:52.473Z", "user": ["ec"], "content_type": ["course_selector", "certification"], "object_id": "22", "object_repr": "EC-Council Computer Hacking Forensic Investigator (CHFI)", "action_flag": 1, "change_message": "[{\"added\": {}}]"}}, {"model": "admin.logentry", "pk": 207, "fields": {"action_time": "2019-10-28T00:33:54.016Z", "user": ["ec"], "content_type": ["course_selector", "certification"], "object_id": "23", "object_repr": "EC-Council Certified Ethical Hacker", "action_flag": 1, "change_message": "[{\"added\": {}}]"}}, {"model": "admin.logentry", "pk": 208, "fields": {"action_time": "2019-10-28T00:34:43.877Z", "user": ["ec"], "content_type": ["course_selector", "certification"], "object_id": "24", "object_repr": "SAS Certified BASE Programmer for SAS 9", "action_flag": 1, "change_message": "[{\"added\": {}}]"}}, {"model": "admin.logentry", "pk": 209, "fields": {"action_time": "2019-10-28T00:35:12.825Z", "user": ["ec"], "content_type": ["course_selector", "certification"], "object_id": "25", "object_repr": "SAS Certified Statistical Business Analyst Using SAS 9", "action_flag": 1, "change_message": "[{\"added\": {}}]"}}, {"model": "admin.logentry", "pk": 210, "fields": {"action_time": "2019-10-28T00:35:43.380Z", "user": ["ec"], "content_type": ["course_selector", "certification"], "object_id": "26", "object_repr": "PMI Certified Associate in Project Management (CAPM)", "action_flag": 1, "change_message": "[{\"added\": {}}]"}}, {"model": "admin.logentry", "pk": 211, "fields": {"action_time": "2019-10-28T00:36:34.298Z", "user": ["ec"], "content_type": ["course_selector", "certification"], "object_id": "27", "object_repr": "CIW Data Analyst", "action_flag": 1, "change_message": "[{\"added\": {}}]"}}, {"model": "admin.logentry", "pk": 212, "fields": {"action_time": "2019-10-28T00:36:58.222Z", "user": ["ec"], "content_type": ["course_selector", "certification"], "object_id": "28", "object_repr": "CIW Web Security Associate", "action_flag": 1, "change_message": "[{\"added\": {}}]"}}, {"model": "admin.logentry", "pk": 213, "fields": {"action_time": "2019-10-28T00:37:12.405Z", "user": ["ec"], "content_type": ["course_selector", "certification"], "object_id": "28", "object_repr": "CIW Web Security Associate", "action_flag": 3, "change_message": ""}}, {"model": "admin.logentry", "pk": 214, "fields": {"action_time": "2019-10-28T00:38:10.487Z", "user": ["ec"], "content_type": ["course_selector", "certification"], "object_id": "29", "object_repr": "CompTIA IT Operations Specialist (Stack)", "action_flag": 1, "change_message": "[{\"added\": {}}]"}}, {"model": "admin.logentry", "pk": 215, "fields": {"action_time": "2019-10-28T00:38:53.781Z", "user": ["ec"], "content_type": ["course_selector", "certification"], "object_id": "30", "object_repr": "CompTIA Secure Infrastructure Specialist", "action_flag": 1, "change_message": "[{\"added\": {}}]"}}, {"model": "admin.logentry", "pk": 216, "fields": {"action_time": "2019-10-28T00:41:30.918Z", "user": ["ec"], "content_type": ["course_selector", "degree"], "object_id": "14", "object_repr": "B.S. Data Management & Analytics", "action_flag": 2, "change_message": "[{\"changed\": {\"fields\": [\"earned_certifications\"]}}]"}}, {"model": "admin.logentry", "pk": 217, "fields": {"action_time": "2019-10-28T00:42:50.120Z", "user": ["ec"], "content_type": ["course_selector", "degree"], "object_id": "13", "object_repr": "B.S. Network Operations and Security", "action_flag": 2, "change_message": "[{\"changed\": {\"fields\": [\"earned_certifications\"]}}]"}}, {"model": "admin.logentry", "pk": 218, "fields": {"action_time": "2019-10-28T00:49:55.969Z", "user": ["ec"], "content_type": ["course_selector", "degree"], "object_id": "13", "object_repr": "B.S. Network Operations and Security", "action_flag": 2, "change_message": "[{\"changed\": {\"fields\": [\"earned_certifications\"]}}]"}}, {"model": "admin.logentry", "pk": 219, "fields": {"action_time": "2019-10-28T00:50:53.052Z", "user": ["ec"], "content_type": ["course_selector", "degree"], "object_id": "2", "object_repr": "B.S. Information Technology", "action_flag": 2, "change_message": "[{\"changed\": {\"fields\": [\"earned_certifications\"]}}]"}}, {"model": "admin.logentry", "pk": 220, "fields": {"action_time": "2019-10-28T00:52:05.921Z", "user": ["ec"], "content_type": ["course_selector", "degree"], "object_id": "3", "object_repr": "B.S. Software Development", "action_flag": 2, "change_message": "[{\"changed\": {\"fields\": [\"earned_certifications\"]}}]"}}, {"model": "admin.logentry", "pk": 221, "fields": {"action_time": "2019-10-28T00:52:57.694Z", "user": ["ec"], "content_type": ["course_selector", "degree"], "object_id": "1", "object_repr": "B.S. Computer Science", "action_flag": 2, "change_message": "[]"}}, {"model": "admin.logentry", "pk": 222, "fields": {"action_time": "2019-10-28T02:40:20.439Z", "user": ["ec"], "content_type": ["course_selector", "degree"], "object_id": "3", "object_repr": "B.S. Software Development", "action_flag": 2, "change_message": "[{\"changed\": {\"fields\": [\"courses\"]}}]"}}, {"model": "admin.logentry", "pk": 223, "fields": {"action_time": "2019-10-28T02:42:45.548Z", "user": ["ec"], "content_type": ["course_selector", "degree"], "object_id": "12", "object_repr": "B.S. Cybersecurity & Information Assurance", "action_flag": 2, "change_message": "[{\"changed\": {\"fields\": [\"courses\"]}}]"}}, {"model": "admin.logentry", "pk": 224, "fields": {"action_time": "2019-10-29T04:59:32.984Z", "user": ["ec"], "content_type": ["course_selector", "coursetype"], "object_id": "1", "object_repr": "IT Fundamentals", "action_flag": 1, "change_message": "[{\"added\": {}}]"}}, {"model": "admin.logentry", "pk": 225, "fields": {"action_time": "2019-10-29T04:59:48.433Z", "user": ["ec"], "content_type": ["course_selector", "coursetype"], "object_id": "2", "object_repr": "General Education", "action_flag": 1, "change_message": "[{\"added\": {}}]"}}, {"model": "admin.logentry", "pk": 226, "fields": {"action_time": "2019-10-29T04:59:59.664Z", "user": ["ec"], "content_type": ["course_selector", "coursetype"], "object_id": "2", "object_repr": "General Education", "action_flag": 2, "change_message": "[]"}}]